First Column,,Tenmau,NM,Gia,Phidieuche,Phivanchuyen,Gionhap,Handung,Trangthai
295,1,"V50052300065300 E3103VAA
Túi Tiểu Cầu [40ml]",B+,"453,333 ₫","197,166 ₫",0 ₫,15/01/2023 15:29,18/01/2023,Đã phát
295,2,"V50052300065300 E3103VB0
Túi Tiểu Cầu [40ml]",B+,"453,333 ₫","197,166 ₫",0 ₫,15/01/2023 15:29,18/01/2023,Đã phát
295,3,"V50052300060200 E3102VC0
Túi Tiểu Cầu [40ml]",B+,"453,333 ₫","197,166 ₫",0 ₫,15/01/2023 15:29,17/01/2023,Đã phát
295,4,"V50052300060200 E3102VB0
Túi Tiểu Cầu [40ml]",B+,"453,333 ₫","197,166 ₫",0 ₫,15/01/2023 15:29,17/01/2023,Đã phát
295,5,"V50052300060200 E3102VD0
Túi Tiểu Cầu [40ml]",B+,"453,333 ₫","197,166 ₫",0 ₫,15/01/2023 15:29,17/01/2023,Đã phát
295,6,"V50052300060200 E3102VE0
Túi Tiểu Cầu [40ml]",B+,"453,333 ₫","197,166 ₫",0 ₫,15/01/2023 15:29,17/01/2023,Đã phát
295,7,"V50052300060200 E3102VF0
Túi Tiểu Cầu [40ml]",B+,"453,333 ₫","197,166 ₫",0 ₫,15/01/2023 15:29,17/01/2023,Đã phát
295,8,"V50052300059800 E3102VF0
Túi Tiểu Cầu [40ml]",B+,"453,333 ₫","197,166 ₫",0 ₫,15/01/2023 15:29,17/01/2023,Đã phát
295,9,"V50052300065300 E3103VD0
Túi Tiểu Cầu [40ml]",B+,"453,333 ₫","197,166 ₫",0 ₫,15/01/2023 15:29,18/01/2023,Đã phát
295,10,"V50052300065300 E3103VC0
Túi Tiểu Cầu [40ml]",B+,"453,333 ₫","197,166 ₫",0 ₫,15/01/2023 15:29,18/01/2023,Đã phát
295,11,"V50052300065000 E2940V00
Túi Tiểu Cầu [250ml]",B+,"2,720,000 ₫","1,151,000 ₫",0 ₫,15/01/2023 15:29,18/01/2023,Đã phát
295,12,"V50052300069700 E3102VAC
Túi Tiểu Cầu [40ml]",A+,"453,333 ₫","197,166 ₫",0 ₫,15/01/2023 15:29,18/01/2023,Đã phát
295,13,"V50052300069700 E3102VAB
Túi Tiểu Cầu [40ml]",A+,"453,333 ₫","197,166 ₫",0 ₫,15/01/2023 15:29,18/01/2023,Đã phát
295,14,"V50052300069700 E3102VAA
Túi Tiểu Cầu [40ml]",A+,"453,333 ₫","197,166 ₫",0 ₫,15/01/2023 15:29,18/01/2023,Đã phát
295,15,"V50052390034900 E8288V00
Khối hồng cầu từ 250 ml máu toàn phần",B+,"871,000 ₫",0 ₫,0 ₫,15/01/2023 15:29,20/02/2023,Đã phát
295,16,"V50052350067300 E8288V00
Khối hồng cầu từ 250 ml máu toàn phần",B+,"871,000 ₫",0 ₫,0 ₫,15/01/2023 15:29,20/02/2023,Đã phát
295,17,"V50052231151500 E7426VA0
Khối hồng cầu từ 250 ml máu toàn phần",O+,"871,000 ₫",0 ₫,0 ₫,15/01/2023 15:29,02/02/2023,Đã phát
295,18,"V50052231161400 E7426VA0
Khối hồng cầu từ 250 ml máu toàn phần",O+,"871,000 ₫",0 ₫,0 ₫,15/01/2023 15:29,02/02/2023,Đã phát
295,19,"V50052231151600 E7426VA0
Khối hồng cầu từ 250 ml máu toàn phần",O+,"871,000 ₫",0 ₫,0 ₫,15/01/2023 15:29,02/02/2023,Đã phát
295,20,"V50052231164400 E7426VA0
Khối hồng cầu từ 250 ml máu toàn phần",O+,"871,000 ₫",0 ₫,0 ₫,15/01/2023 15:29,02/02/2023,Đã phát
295,21,"V50052231162100 E7426VA0
Khối hồng cầu từ 250 ml máu toàn phần",O+,"871,000 ₫",0 ₫,0 ₫,15/01/2023 15:29,02/02/2023,Đã phát
295,22,"V50052231162100 E7426VB0
Khối hồng cầu từ 100 ml máu toàn phần",O+,"282,000 ₫",0 ₫,0 ₫,15/01/2023 15:29,02/02/2023,Đã phát
295,23,"V50052231164400 E7426VB0
Khối hồng cầu từ 100 ml máu toàn phần",O+,"282,000 ₫",0 ₫,0 ₫,15/01/2023 15:29,02/02/2023,Đã phát
295,24,"V50052231151600 E7426VB0
Khối hồng cầu từ 100 ml máu toàn phần",O+,"282,000 ₫",0 ₫,0 ₫,15/01/2023 15:29,02/02/2023,Đã phát
295,25,"V50052231161400 E7426VB0
Khối hồng cầu từ 100 ml máu toàn phần",O+,"282,000 ₫",0 ₫,0 ₫,15/01/2023 15:29,02/02/2023,Đã phát
295,26,"V50052231151500 E7426VB0
Khối hồng cầu từ 100 ml máu toàn phần",O+,"282,000 ₫",0 ₫,0 ₫,15/01/2023 15:29,02/02/2023,Đã phát
First Column,,Tenmau,NM,Gia,Phidieuche,Phivanchuyen,Gionhap,Handung,Trangthai
130123ghnd2,1,"V50052300058100 E3102VAB
Túi Tiểu Cầu [40ml]",A+,"453,333 ₫","197,166 ₫","17,000 ₫",13/01/2023 14:42,16/01/2023,Đã phát
130123ghnd2,2,"V50052300058100 E3102VAA
Túi Tiểu Cầu [40ml]",A+,"453,333 ₫","197,166 ₫","17,000 ₫",13/01/2023 14:42,16/01/2023,Đã phát
130123ghnd2,3,"V50052300058100 E3102VAC
Túi Tiểu Cầu [40ml]",A+,"453,333 ₫","197,166 ₫","17,000 ₫",13/01/2023 14:42,16/01/2023,Đã phát
130123ghnd2,4,"V50052300062900 E3103VDA
Túi Tiểu Cầu [40ml]",AB+,"453,333 ₫","197,166 ₫","17,000 ₫",13/01/2023 14:42,17/01/2023,Đã phát
130123ghnd2,5,"V50052300062900 E3103VDB
Túi Tiểu Cầu [40ml]",AB+,"453,333 ₫","197,166 ₫","17,000 ₫",13/01/2023 14:42,17/01/2023,Đã phát
130123ghnd2,6,"V50052300062900 E3103VDC
Túi Tiểu Cầu [40ml]",AB+,"453,333 ₫","197,166 ₫","17,000 ₫",13/01/2023 14:42,17/01/2023,Đã phát
130123ghnd2,7,"V50052241130400 E0719V00
Huyết tương tươi đông lạnh 150 ml",O+,"181,000 ₫",0 ₫,"17,000 ₫",13/01/2023 14:42,22/12/2024,Đã phát
130123ghnd2,8,"V50052221168200 E0719V00
Huyết tương tươi đông lạnh 150 ml",O+,"181,000 ₫",0 ₫,"17,000 ₫",13/01/2023 14:42,23/12/2024,Đã phát
130123ghnd2,9,"V50052231161200 E0719V00
Huyết tương tươi đông lạnh 150 ml",O+,"181,000 ₫",0 ₫,"17,000 ₫",13/01/2023 14:42,22/12/2024,Đã phát
130123ghnd2,10,"V50052231157700 E0719V00
Huyết tương tươi đông lạnh 150 ml",O+,"181,000 ₫",0 ₫,"17,000 ₫",13/01/2023 14:42,22/12/2024,Đã phát
130123ghnd2,11,"V50052241147600 E7425VA0
Khối hồng cầu từ 250 ml máu toàn phần",B+,"871,000 ₫",0 ₫,"17,000 ₫",13/01/2023 14:42,06/02/2023,Đã phát
130123ghnd2,12,"V50052241138400 E0719V00
Huyết tương tươi đông lạnh 150 ml",O+,"181,000 ₫",0 ₫,"17,000 ₫",13/01/2023 14:42,23/12/2024,Đã phát
130123ghnd2,13,"V50052231160400 E0719V00
Huyết tương tươi đông lạnh 150 ml",O+,"181,000 ₫",0 ₫,"17,000 ₫",13/01/2023 14:42,22/12/2024,Đã phát
130123ghnd2,14,"V50052231163200 E0719V00
Huyết tương tươi đông lạnh 150 ml",O+,"181,000 ₫",0 ₫,"17,000 ₫",13/01/2023 14:42,22/12/2024,Đã phát
130123ghnd2,15,"V50052251020900 E0719V00
Huyết tương tươi đông lạnh 150 ml",O+,"181,000 ₫",0 ₫,"17,000 ₫",13/01/2023 14:42,22/12/2024,Đã phát
130123ghnd2,16,"V50052251019800 E0719V00
Huyết tương tươi đông lạnh 150 ml",O+,"181,000 ₫",0 ₫,"17,000 ₫",13/01/2023 14:42,22/12/2024,Đã phát
130123ghnd2,17,"V50052261061200 E0719V00
Huyết tương tươi đông lạnh 150 ml",O+,"181,000 ₫",0 ₫,"17,000 ₫",13/01/2023 14:42,23/12/2024,Đã phát
130123ghnd2,18,"V50052251066100 E0719V00
Huyết tương tươi đông lạnh 150 ml",A+,"181,000 ₫",0 ₫,"17,000 ₫",13/01/2023 14:42,29/12/2024,Đã phát
130123ghnd2,19,"V50052211151000 E0719V00
Huyết tương tươi đông lạnh 150 ml",A+,"181,000 ₫",0 ₫,"17,000 ₫",13/01/2023 14:42,29/12/2024,Đã phát
130123ghnd2,20,"V50052231217100 E0719V00
Huyết tương tươi đông lạnh 150 ml",A+,"181,000 ₫",0 ₫,"17,000 ₫",13/01/2023 14:42,29/12/2024,Đã phát
130123ghnd2,21,"V50052251063800 E0719V00
Huyết tương tươi đông lạnh 150 ml",A+,"181,000 ₫",0 ₫,"17,000 ₫",13/01/2023 14:42,29/12/2024,Đã phát
130123ghnd2,22,"V50052281555200 E7425VA0
Khối hồng cầu từ 250 ml máu toàn phần",B+,"871,000 ₫",0 ₫,"17,000 ₫",13/01/2023 14:42,06/02/2023,Đã phát
130123ghnd2,23,"V50052261144100 E0719V00
Huyết tương tươi đông lạnh 150 ml",A+,"181,000 ₫",0 ₫,"17,000 ₫",13/01/2023 14:42,29/12/2024,Đã phát
130123ghnd2,24,"V50052217209300 E7425VA0
Khối hồng cầu từ 250 ml máu toàn phần",B+,"871,000 ₫",0 ₫,"17,000 ₫",13/01/2023 14:42,07/02/2023,Đã phát
130123ghnd2,25,"V50052241141900 E7425VA0
Khối hồng cầu từ 250 ml máu toàn phần",B+,"871,000 ₫",0 ₫,"17,000 ₫",13/01/2023 14:42,06/02/2023,Đã phát
130123ghnd2,26,"V50052221220900 E0719V00
Huyết tương tươi đông lạnh 150 ml",A+,"181,000 ₫",0 ₫,"17,000 ₫",13/01/2023 14:42,29/12/2024,Đã phát
130123ghnd2,27,"V50052251052200 E7425VA0
Khối hồng cầu từ 250 ml máu toàn phần",B+,"871,000 ₫",0 ₫,"17,000 ₫",13/01/2023 14:42,06/02/2023,Đã phát
130123ghnd2,28,"V50052241183100 E7425VA0
Khối hồng cầu từ 250 ml máu toàn phần",B+,"871,000 ₫",0 ₫,"17,000 ₫",13/01/2023 14:42,06/02/2023,Đã phát
130123ghnd2,29,"V50052251066700 E0719V00
Huyết tương tươi đông lạnh 150 ml",A+,"181,000 ₫",0 ₫,"17,000 ₫",13/01/2023 14:42,29/12/2024,Đã phát
130123ghnd2,30,"V50052281555400 E7425VA0
Khối hồng cầu từ 250 ml máu toàn phần",B+,"871,000 ₫",0 ₫,"17,000 ₫",13/01/2023 14:42,06/02/2023,Đã phát
130123ghnd2,31,"V50052261141200 E0719V00
Huyết tương tươi đông lạnh 150 ml",A+,"181,000 ₫",0 ₫,"17,000 ₫",13/01/2023 14:42,29/12/2024,Đã phát
130123ghnd2,32,"V50052291046900 E7425VA0
Khối hồng cầu từ 250 ml máu toàn phần",B+,"871,000 ₫",0 ₫,"17,000 ₫",13/01/2023 14:42,07/02/2023,Đã phát
130123ghnd2,33,"V50052241162200 E7425VA0
Khối hồng cầu từ 250 ml máu toàn phần",B+,"871,000 ₫",0 ₫,"17,000 ₫",13/01/2023 14:42,06/02/2023,Đã phát
130123ghnd2,34,"V50052291044100 E7425VA0
Khối hồng cầu từ 250 ml máu toàn phần",B+,"871,000 ₫",0 ₫,"17,000 ₫",13/01/2023 14:42,07/02/2023,Đã phát
130123ghnd2,35,"V50052221201300 E7425VB0
Khối hồng cầu từ 200 ml máu toàn phần",A+,"525,000 ₫",0 ₫,"17,000 ₫",13/01/2023 14:44,08/02/2023,Đã phát
130123ghnd2,36,"V50052261138800 E0719V00
Huyết tương tươi đông lạnh 150 ml",A+,"181,000 ₫",0 ₫,"17,000 ₫",13/01/2023 14:42,29/12/2024,Đã phát
130123ghnd2,37,"V50052287219100 E7425VB0
Khối hồng cầu từ 200 ml máu toàn phần",A+,"525,000 ₫",0 ₫,"17,000 ₫",13/01/2023 14:44,07/02/2023,Đã phát
130123ghnd2,38,"V50052211163500 E0719V00
Huyết tương tươi đông lạnh 150 ml",A+,"181,000 ₫",0 ₫,"17,000 ₫",13/01/2023 14:42,29/12/2024,Đã phát
130123ghnd2,39,"V50052221186700 E7425VB0
Khối hồng cầu từ 200 ml máu toàn phần",A+,"525,000 ₫",0 ₫,"17,000 ₫",13/01/2023 14:44,07/02/2023,Đã phát
130123ghnd2,40,"V50052217251200 E7425VB0
Khối hồng cầu từ 200 ml máu toàn phần",A+,"525,000 ₫",0 ₫,"17,000 ₫",13/01/2023 14:44,09/02/2023,Đã phát
First Column,,Tenmau,NM,Gia,Phidieuche,Phivanchuyen,Gionhap,Handung,Trangthai
0212,1,"V50052300059800 E3102VD0
Túi Tiểu Cầu [40ml]",B+,"453,333 ₫","197,166 ₫",0 ₫,13/01/2023 20:14,17/01/2023,Đã phát
0212,2,"V50052300059800 E3102VC0
Túi Tiểu Cầu [40ml]",B+,"453,333 ₫","197,166 ₫",0 ₫,13/01/2023 20:14,17/01/2023,Đã phát
0212,3,"V50052300059800 E3102VA0
Túi Tiểu Cầu [40ml]",B+,"453,333 ₫","197,166 ₫",0 ₫,13/01/2023 20:14,17/01/2023,Đã phát
0212,4,"V50052300059800 E3102VB0
Túi Tiểu Cầu [40ml]",B+,"453,333 ₫","197,166 ₫",0 ₫,13/01/2023 20:14,17/01/2023,Đã phát
0212,5,"V50052300054500 E3103VAA
Túi Tiểu Cầu [40ml]",B+,"453,333 ₫","197,166 ₫",0 ₫,13/01/2023 20:14,16/01/2023,Đã phát
0212,6,"V50052300054500 E3103VAB
Túi Tiểu Cầu [40ml]",B+,"453,333 ₫","197,166 ₫",0 ₫,13/01/2023 20:14,16/01/2023,Đã phát
0212,7,"V50052300054500 E3102VB0
Túi Tiểu Cầu [40ml]",B+,"453,333 ₫","197,166 ₫",0 ₫,13/01/2023 20:14,16/01/2023,Đã phát
0212,8,"V50052300054500 E3103VAC
Túi Tiểu Cầu [40ml]",B+,"453,333 ₫","197,166 ₫",0 ₫,13/01/2023 20:14,16/01/2023,Đã phát
0212,9,"V50052300054500 E3102VD0
Túi Tiểu Cầu [40ml]",B+,"453,333 ₫","197,166 ₫",0 ₫,13/01/2023 20:14,16/01/2023,Đã phát
0212,10,"V50052300054500 E3102VC0
Túi Tiểu Cầu [40ml]",B+,"453,333 ₫","197,166 ₫",0 ₫,13/01/2023 20:14,16/01/2023,Đã phát
0212,11,"V50052300057300 E3102VBA
Túi Tiểu Cầu [40ml]",O+,"453,333 ₫","197,166 ₫",0 ₫,13/01/2023 20:14,16/01/2023,Đã phát
0212,12,"V50052300057300 E3102VBB
Túi Tiểu Cầu [40ml]",O+,"453,333 ₫","197,166 ₫",0 ₫,13/01/2023 20:14,16/01/2023,Đã phát
0212,13,"V50052300061500 E3102VA0
Túi Tiểu Cầu [40ml]",O+,"453,333 ₫","197,166 ₫",0 ₫,13/01/2023 20:14,17/01/2023,Đã phát
0212,14,"V50052300061500 E3102VD0
Túi Tiểu Cầu [40ml]",O+,"453,333 ₫","197,166 ₫",0 ₫,13/01/2023 20:14,17/01/2023,Đã phát
0212,15,"V50052300061500 E3102VB0
Túi Tiểu Cầu [40ml]",O+,"453,333 ₫","197,166 ₫",0 ₫,13/01/2023 20:14,17/01/2023,Đã phát
0212,16,"V50052300061500 E3102VC0
Túi Tiểu Cầu [40ml]",O+,"453,333 ₫","197,166 ₫",0 ₫,13/01/2023 20:14,17/01/2023,Đã phát
0212,17,"V50052300063400 E3103VE0
Túi Tiểu Cầu [40ml]",A+,"453,333 ₫","197,166 ₫",0 ₫,13/01/2023 20:14,17/01/2023,Đã phát
0212,18,"V50052300063400 E3103VF0
Túi Tiểu Cầu [40ml]",A+,"453,333 ₫","197,166 ₫",0 ₫,13/01/2023 20:14,17/01/2023,Đã phát
0212,19,"V50052300063400 E3103VD0
Túi Tiểu Cầu [40ml]",A+,"453,333 ₫","197,166 ₫",0 ₫,13/01/2023 20:14,17/01/2023,Đã phát
0212,20,"V50052300063400 E3103VB0
Túi Tiểu Cầu [40ml]",A+,"453,333 ₫","197,166 ₫",0 ₫,13/01/2023 20:14,17/01/2023,Đã phát
0212,21,"V50052300063400 E3103VA0
Túi Tiểu Cầu [40ml]",A+,"453,333 ₫","197,166 ₫",0 ₫,13/01/2023 20:14,17/01/2023,Đã phát
0212,22,"V50052300063400 E3103VC0
Túi Tiểu Cầu [40ml]",A+,"453,333 ₫","197,166 ₫",0 ₫,13/01/2023 20:14,17/01/2023,Đã phát
First Column,,Tenmau,NM,Gia,Phidieuche,Phivanchuyen,Gionhap,Handung,Trangthai
0200,1,"V50052300056100 E3103VA0
Túi Tiểu Cầu [40ml]",A+,"453,333 ₫","197,166 ₫",0 ₫,12/01/2023 21:26,16/01/2023,Đã phát
0200,2,"V50052300056100 E3103VE0
Túi Tiểu Cầu [40ml]",A+,"453,333 ₫","197,166 ₫",0 ₫,12/01/2023 21:26,16/01/2023,Đã phát
0200,3,"V50052300056100 E3103VB0
Túi Tiểu Cầu [40ml]",A+,"453,333 ₫","197,166 ₫",0 ₫,12/01/2023 21:26,16/01/2023,Đã phát
0200,4,"V50052300056100 E3103VC0
Túi Tiểu Cầu [40ml]",A+,"453,333 ₫","197,166 ₫",0 ₫,12/01/2023 21:26,16/01/2023,Đã phát
0200,5,"V50052300056100 E3103VD0
Túi Tiểu Cầu [40ml]",A+,"453,333 ₫","197,166 ₫",0 ₫,12/01/2023 21:26,16/01/2023,Đã phát
0200,6,"V50052300056100 E3103VF0
Túi Tiểu Cầu [40ml]",A+,"453,333 ₫","197,166 ₫",0 ₫,12/01/2023 21:26,16/01/2023,Đã phát
0200,7,"V50052360006400 E7426VA0
Khối hồng cầu từ 250 ml máu toàn phần",B+,"871,000 ₫",0 ₫,0 ₫,12/01/2023 21:26,16/02/2023,Đã phát
0200,8,"V50052261148900 E0229V00
Khối hồng cầu từ 250 ml máu toàn phần",B+,"871,000 ₫",0 ₫,0 ₫,12/01/2023 21:26,02/02/2023,Đã phát
0200,9,"V50052241199600 E0229V00
Khối hồng cầu từ 250 ml máu toàn phần",B+,"871,000 ₫",0 ₫,0 ₫,12/01/2023 21:26,02/02/2023,Đã phát
0200,10,"V50052261142900 E0229V00
Khối hồng cầu từ 250 ml máu toàn phần",B+,"871,000 ₫",0 ₫,0 ₫,12/01/2023 21:26,02/02/2023,Đã phát
0200,11,"V50052261145300 E0229V00
Khối hồng cầu từ 250 ml máu toàn phần",B+,"871,000 ₫",0 ₫,0 ₫,12/01/2023 21:26,02/02/2023,Đã phát
0200,12,"V50052261141800 E0229V00
Khối hồng cầu từ 250 ml máu toàn phần",B+,"871,000 ₫",0 ₫,0 ₫,12/01/2023 21:26,02/02/2023,Đã phát
0200,13,"V50052315027100 E0229V00
Khối hồng cầu từ 250 ml máu toàn phần",B+,"871,000 ₫",0 ₫,0 ₫,12/01/2023 21:26,05/02/2023,Đã phát
0200,14,"V50052315004800 E0229V00
Khối hồng cầu từ 250 ml máu toàn phần",B+,"871,000 ₫",0 ₫,0 ₫,12/01/2023 21:26,05/02/2023,Đã phát
0200,15,"V50052231221300 E0229V00
Khối hồng cầu từ 250 ml máu toàn phần",B+,"871,000 ₫",0 ₫,0 ₫,12/01/2023 21:26,02/02/2023,Đã phát
0200,16,"V50052261143500 E0229V00
Khối hồng cầu từ 250 ml máu toàn phần",B+,"871,000 ₫",0 ₫,0 ₫,12/01/2023 21:26,02/02/2023,Đã phát
First Column,,Tenmau,NM,Gia,Phidieuche,Phivanchuyen,Gionhap,Handung,Trangthai
1101233ghnd2,1,"V50052261117900 E0229V00
Khối hồng cầu từ 250 ml máu toàn phần",O+,"871,000 ₫",0 ₫,"17,000 ₫",11/01/2023 14:57,31/01/2023,Đã phát
1101233ghnd2,2,"V50052231209600 E0229V00
Khối hồng cầu từ 250 ml máu toàn phần",O+,"871,000 ₫",0 ₫,"17,000 ₫",11/01/2023 14:57,01/02/2023,Đã phát
1101233ghnd2,3,"V50052261096400 E0229V00
Khối hồng cầu từ 250 ml máu toàn phần",O+,"871,000 ₫",0 ₫,"17,000 ₫",11/01/2023 14:57,31/01/2023,Đã phát
1101233ghnd2,4,"V50052231210300 E0229V00
Khối hồng cầu từ 250 ml máu toàn phần",O+,"871,000 ₫",0 ₫,"17,000 ₫",11/01/2023 14:57,01/02/2023,Đã phát
1101233ghnd2,5,"V50052231204600 E0229V00
Khối hồng cầu từ 250 ml máu toàn phần",O+,"871,000 ₫",0 ₫,"17,000 ₫",11/01/2023 14:57,01/02/2023,Đã phát
1101233ghnd2,6,"V50052231197000 E0229V00
Khối hồng cầu từ 250 ml máu toàn phần",O+,"871,000 ₫",0 ₫,"17,000 ₫",11/01/2023 14:57,01/02/2023,Đã phát
1101233ghnd2,7,"V50052231196400 E0229V00
Khối hồng cầu từ 250 ml máu toàn phần",O+,"871,000 ₫",0 ₫,"17,000 ₫",11/01/2023 14:57,01/02/2023,Đã phát
1101233ghnd2,8,"V50052221198400 E0229V00
Khối hồng cầu từ 250 ml máu toàn phần",O+,"871,000 ₫",0 ₫,"17,000 ₫",11/01/2023 14:57,01/02/2023,Đã phát
1101233ghnd2,9,"V50052261129800 E0229V00
Khối hồng cầu từ 250 ml máu toàn phần",O+,"871,000 ₫",0 ₫,"17,000 ₫",11/01/2023 14:57,31/01/2023,Đã phát
1101233ghnd2,10,"V50052221194900 E0229V00
Khối hồng cầu từ 250 ml máu toàn phần",O+,"871,000 ₫",0 ₫,"17,000 ₫",11/01/2023 14:57,31/01/2023,Đã phát
1101233ghnd2,11,"V50052300047100 E3103VA0
Túi Tiểu Cầu [40ml]",B+,"453,333 ₫","197,166 ₫","17,000 ₫",11/01/2023 15:16,14/01/2023,Đã phát
1101233ghnd2,12,"V50052300047100 E3103VB0
Túi Tiểu Cầu [40ml]",B+,"453,333 ₫","197,166 ₫","17,000 ₫",11/01/2023 15:16,14/01/2023,Đã phát
1101233ghnd2,13,"V50052300047100 E3103VC0
Túi Tiểu Cầu [40ml]",B+,"453,333 ₫","197,166 ₫","17,000 ₫",11/01/2023 15:16,14/01/2023,Đã phát
1101233ghnd2,14,"V50052300047700 E3103VF0
Túi Tiểu Cầu [40ml]",B+,"453,333 ₫","197,166 ₫","17,000 ₫",11/01/2023 15:38,14/01/2023,Đã phát
1101233ghnd2,15,"V50052300047700 E3103VC0
Túi Tiểu Cầu [40ml]",B+,"453,333 ₫","197,166 ₫","17,000 ₫",11/01/2023 15:38,14/01/2023,Đã phát
1101233ghnd2,16,"V50052300047700 E3103VD0
Túi Tiểu Cầu [40ml]",B+,"453,333 ₫","197,166 ₫","17,000 ₫",11/01/2023 15:38,14/01/2023,Đã phát
1101233ghnd2,17,"V50052300047700 E3103VE0
Túi Tiểu Cầu [40ml]",B+,"453,333 ₫","197,166 ₫","17,000 ₫",11/01/2023 15:38,14/01/2023,Đã phát
1101233ghnd2,18,"V50052300047700 E3103VB0
Túi Tiểu Cầu [40ml]",B+,"453,333 ₫","197,166 ₫","17,000 ₫",11/01/2023 15:38,14/01/2023,Đã huỷ túi
1101233ghnd2,19,"V50052300047700 E3103VA0
Túi Tiểu Cầu [40ml]",B+,"453,333 ₫","197,166 ₫","17,000 ₫",11/01/2023 15:38,14/01/2023,Đã phát
1101233ghnd2,20,"V50052210790400 E8313V00
Huyết tương tươi đông lạnh 200 ml",A+,"285,000 ₫",0 ₫,"17,000 ₫",13/01/2023 07:33,11/11/2024,Đã phát
First Column,,Tenmau,NM,Gia,Phidieuche,Phivanchuyen,Gionhap,Handung,Trangthai
BLTT20230177,1,"V50052300045500 E3102VD0
Túi Tiểu Cầu [40ml]",B+,"453,333 ₫","197,166 ₫",0 ₫,11/01/2023 22:06,14/01/2023,Đã phát
BLTT20230177,2,"V50052300044000 E3102VB0
Túi Tiểu Cầu [40ml]",B+,"453,333 ₫","197,166 ₫",0 ₫,11/01/2023 22:06,14/01/2023,Đã phát
BLTT20230177,3,"V50052300045500 E3102VF0
Túi Tiểu Cầu [40ml]",B+,"453,333 ₫","197,166 ₫",0 ₫,11/01/2023 22:06,14/01/2023,Đã phát
BLTT20230177,4,"V50052300045500 E3102VE0
Túi Tiểu Cầu [40ml]",B+,"453,333 ₫","197,166 ₫",0 ₫,11/01/2023 22:06,14/01/2023,Đã phát
BLTT20230177,5,"V50052300045500 E3102VA0
Túi Tiểu Cầu [40ml]",B+,"453,333 ₫","197,166 ₫",0 ₫,11/01/2023 22:06,14/01/2023,Đã phát
BLTT20230177,6,"V50052300052200 E2940VC0
Túi Tiểu Cầu [40ml]",B+,"453,333 ₫","197,166 ₫",0 ₫,11/01/2023 22:06,15/01/2023,Đã phát
BLTT20230177,7,"V50052300045500 E3102VC0
Túi Tiểu Cầu [40ml]",B+,"453,333 ₫","197,166 ₫",0 ₫,11/01/2023 22:06,14/01/2023,Đã phát
BLTT20230177,8,"V50052300045500 E3102VB0
Túi Tiểu Cầu [40ml]",B+,"453,333 ₫","197,166 ₫",0 ₫,11/01/2023 22:06,14/01/2023,Đã phát
BLTT20230177,9,"V50052300044000 E3102VA0
Túi Tiểu Cầu [40ml]",B+,"453,333 ₫","197,166 ₫",0 ₫,11/01/2023 22:06,14/01/2023,Đã phát
BLTT20230177,10,"V50052231200200 E0229V00
Khối hồng cầu từ 250 ml máu toàn phần",B+,"871,000 ₫",0 ₫,0 ₫,11/01/2023 22:06,01/02/2023,Đã phát
BLTT20230177,11,"V50052231213400 E0229V00
Khối hồng cầu từ 250 ml máu toàn phần",B+,"871,000 ₫",0 ₫,0 ₫,11/01/2023 22:06,01/02/2023,Đã phát
BLTT20230177,12,"V50052231213800 E0229V00
Khối hồng cầu từ 250 ml máu toàn phần",B+,"871,000 ₫",0 ₫,0 ₫,11/01/2023 22:06,01/02/2023,Đã phát
BLTT20230177,13,"V50052231205800 E0229V00
Khối hồng cầu từ 250 ml máu toàn phần",B+,"871,000 ₫",0 ₫,0 ₫,11/01/2023 22:06,01/02/2023,Đã phát
BLTT20230177,14,"V50052231191100 E0229V00
Khối hồng cầu từ 250 ml máu toàn phần",B+,"871,000 ₫",0 ₫,0 ₫,11/01/2023 22:06,01/02/2023,Đã phát
BLTT20230177,15,"V50052231190700 E0229V00
Khối hồng cầu từ 250 ml máu toàn phần",B+,"871,000 ₫",0 ₫,0 ₫,11/01/2023 22:06,01/02/2023,Đã phát
BLTT20230177,16,"V50052231204200 E0229V00
Khối hồng cầu từ 250 ml máu toàn phần",B+,"871,000 ₫",0 ₫,0 ₫,11/01/2023 22:06,01/02/2023,Đã phát
BLTT20230177,17,"V50052217231200 E0229V00
Khối hồng cầu từ 250 ml máu toàn phần",B+,"871,000 ₫",0 ₫,0 ₫,11/01/2023 22:06,01/02/2023,Đã phát
BLTT20230177,18,"V50052231216200 E0229V00
Khối hồng cầu từ 250 ml máu toàn phần",B+,"871,000 ₫",0 ₫,0 ₫,11/01/2023 22:06,01/02/2023,Đã phát
BLTT20230177,19,"V50052231203200 E0229V00
Khối hồng cầu từ 250 ml máu toàn phần",B+,"871,000 ₫",0 ₫,0 ₫,11/01/2023 22:06,01/02/2023,Đã phát
BLTT20230177,20,"V50052300054000 E2940VA0
Túi Tiểu Cầu [40ml]",A+,"453,333 ₫","197,166 ₫",0 ₫,11/01/2023 22:06,15/01/2023,Đã phát
BLTT20230177,21,"V50052300049500 E3103VC0
Túi Tiểu Cầu [40ml]",A+,"453,333 ₫","197,166 ₫",0 ₫,11/01/2023 22:06,15/01/2023,Đã phát
BLTT20230177,22,"V50052300054000 E2940VF0
Túi Tiểu Cầu [40ml]",A+,"453,333 ₫","197,166 ₫",0 ₫,11/01/2023 22:06,15/01/2023,Đã phát
BLTT20230177,23,"V50052300049500 E3103VA0
Túi Tiểu Cầu [40ml]",A+,"453,333 ₫","197,166 ₫",0 ₫,11/01/2023 22:06,15/01/2023,Đã phát
BLTT20230177,24,"V50052300049500 E3103VB0
Túi Tiểu Cầu [40ml]",A+,"453,333 ₫","197,166 ₫",0 ₫,11/01/2023 22:06,15/01/2023,Đã phát
BLTT20230177,25,"V50052300054000 E2940VD0
Túi Tiểu Cầu [40ml]",A+,"453,333 ₫","197,166 ₫",0 ₫,11/01/2023 22:06,15/01/2023,Đã phát
BLTT20230177,26,"V50052300054000 E2940VE0
Túi Tiểu Cầu [40ml]",A+,"453,333 ₫","197,166 ₫",0 ₫,11/01/2023 22:06,15/01/2023,Đã phát
BLTT20230177,27,"V50052300054000 E2940VB0
Túi Tiểu Cầu [40ml]",A+,"453,333 ₫","197,166 ₫",0 ₫,11/01/2023 22:06,15/01/2023,Đã phát
BLTT20230177,28,"V50052300054000 E2940VC0
Túi Tiểu Cầu [40ml]",A+,"453,333 ₫","197,166 ₫",0 ₫,11/01/2023 22:06,15/01/2023,Đã phát
BLTT20230177,29,"V50052300053700 E3103VA0
Túi Tiểu Cầu [40ml]",O+,"453,333 ₫","197,166 ₫",0 ₫,11/01/2023 22:06,15/01/2023,Đã phát
BLTT20230177,30,"V50052300053700 E3103VB0
Túi Tiểu Cầu [40ml]",O+,"453,333 ₫","197,166 ₫",0 ₫,11/01/2023 22:06,15/01/2023,Đã phát
BLTT20230177,31,"V50052300053700 E3103VD0
Túi Tiểu Cầu [40ml]",O+,"453,333 ₫","197,166 ₫",0 ₫,11/01/2023 22:06,15/01/2023,Đã phát
BLTT20230177,32,"V50052300053700 E3103VF0
Túi Tiểu Cầu [40ml]",O+,"453,333 ₫","197,166 ₫",0 ₫,11/01/2023 22:06,15/01/2023,Đã phát
BLTT20230177,33,"V50052300053700 E3103VE0
Túi Tiểu Cầu [40ml]",O+,"453,333 ₫","197,166 ₫",0 ₫,11/01/2023 22:06,15/01/2023,Đã phát
BLTT20230177,34,"V50052300053700 E3103VC0
Túi Tiểu Cầu [40ml]",O+,"453,333 ₫","197,166 ₫",0 ₫,11/01/2023 22:06,15/01/2023,Đã phát
First Column,,Tenmau,NM,Gia,Phidieuche,Phivanchuyen,Gionhap,Handung,Trangthai
680,1,"V50052300043500 E3102VF0
Túi Tiểu Cầu [40ml]",O+,"453,333 ₫","197,166 ₫",0 ₫,10/01/2023 14:57,14/01/2023,Đã phát
680,2,"V50052300043500 E3102VE0
Túi Tiểu Cầu [40ml]",O+,"453,333 ₫","197,166 ₫",0 ₫,10/01/2023 14:57,14/01/2023,Đã phát
680,3,"V50052300043500 E3102VD0
Túi Tiểu Cầu [40ml]",O+,"453,333 ₫","197,166 ₫",0 ₫,10/01/2023 14:57,14/01/2023,Đã phát
680,4,"V50052300043500 E3102VC0
Túi Tiểu Cầu [40ml]",O+,"453,333 ₫","197,166 ₫",0 ₫,10/01/2023 14:57,14/01/2023,Đã phát
680,5,"V50052300043500 E3102VB0
Túi Tiểu Cầu [40ml]",O+,"453,333 ₫","197,166 ₫",0 ₫,10/01/2023 14:57,14/01/2023,Đã phát
680,6,"V50052300043500 E3102VA0
Túi Tiểu Cầu [40ml]",O+,"453,333 ₫","197,166 ₫",0 ₫,10/01/2023 14:57,14/01/2023,Đã huỷ túi
680,7,"V50052300043500 E3103VA0
Túi Tiểu Cầu [40ml]",O+,"453,333 ₫","197,166 ₫",0 ₫,10/01/2023 14:57,14/01/2023,Đã phát
680,8,"V50052300043500 E3103VF0
Túi Tiểu Cầu [40ml]",O+,"453,333 ₫","197,166 ₫",0 ₫,10/01/2023 14:57,14/01/2023,Đã phát
680,9,"V50052300043500 E3103VE0
Túi Tiểu Cầu [40ml]",O+,"453,333 ₫","197,166 ₫",0 ₫,10/01/2023 14:57,14/01/2023,Đã phát
680,10,"V50052300043500 E3103VD0
Túi Tiểu Cầu [40ml]",O+,"453,333 ₫","197,166 ₫",0 ₫,10/01/2023 14:57,14/01/2023,Đã phát
680,11,"V50052300043500 E3103VC0
Túi Tiểu Cầu [40ml]",O+,"453,333 ₫","197,166 ₫",0 ₫,10/01/2023 14:57,14/01/2023,Đã phát
680,12,"V50052300043500 E3103VB0
Túi Tiểu Cầu [40ml]",O+,"453,333 ₫","197,166 ₫",0 ₫,10/01/2023 14:57,14/01/2023,Đã phát
680,13,"V50052300038900 E3103VF0
Túi Tiểu Cầu [40ml]",A+,"453,333 ₫","197,166 ₫",0 ₫,10/01/2023 14:57,12/01/2023,Đã phát
680,14,"V50052300038900 E3103VE0
Túi Tiểu Cầu [40ml]",A+,"453,333 ₫","197,166 ₫",0 ₫,10/01/2023 14:57,12/01/2023,Đã phát
680,15,"V50052300038900 E3103VD0
Túi Tiểu Cầu [40ml]",A+,"453,333 ₫","197,166 ₫",0 ₫,10/01/2023 14:57,12/01/2023,Đã phát
680,16,"V50052300038900 E3103VC0
Túi Tiểu Cầu [40ml]",A+,"453,333 ₫","197,166 ₫",0 ₫,10/01/2023 14:57,12/01/2023,Đã phát
680,17,"V50052300038900 E3103VB0
Túi Tiểu Cầu [40ml]",A+,"453,333 ₫","197,166 ₫",0 ₫,10/01/2023 14:57,12/01/2023,Đã phát
680,18,"V50052300038900 E3103VA0
Túi Tiểu Cầu [40ml]",A+,"453,333 ₫","197,166 ₫",0 ₫,10/01/2023 14:57,12/01/2023,Đã phát
680,19,"V50052300037800 E9728VE0
Túi Tiểu Cầu [40ml]",B+,"453,333 ₫","197,166 ₫",0 ₫,10/01/2023 14:57,12/01/2023,Đã phát
680,20,"V50052300037800 E9728VD0
Túi Tiểu Cầu [40ml]",B+,"453,333 ₫","197,166 ₫",0 ₫,10/01/2023 14:57,12/01/2023,Đã phát
680,21,"V50052300037800 E9728VC0
Túi Tiểu Cầu [40ml]",B+,"453,333 ₫","197,166 ₫",0 ₫,10/01/2023 14:57,12/01/2023,Đã phát
680,22,"V50052300037800 E9728VB0
Túi Tiểu Cầu [40ml]",B+,"453,333 ₫","197,166 ₫",0 ₫,10/01/2023 14:57,12/01/2023,Đã phát
680,23,"V50052300037800 E9728VA0
Túi Tiểu Cầu [40ml]",B+,"453,333 ₫","197,166 ₫",0 ₫,10/01/2023 14:57,12/01/2023,Đã phát
680,24,"V50052300037800 E9728VF0
Túi Tiểu Cầu [40ml]",B+,"453,333 ₫","197,166 ₫",0 ₫,10/01/2023 14:57,12/01/2023,Đã phát
680,25,"V50052241112600 E7425VB0
Khối hồng cầu từ 200 ml máu toàn phần",A+,"525,000 ₫",0 ₫,0 ₫,10/01/2023 14:59,02/02/2023,Đã phát
680,26,"V50052241094800 E7425VB0
Khối hồng cầu từ 200 ml máu toàn phần",A+,"525,000 ₫",0 ₫,0 ₫,10/01/2023 14:59,02/02/2023,Đã phát
680,27,"V50052231179500 E0229V00
Khối hồng cầu từ 250 ml máu toàn phần",O+,"871,000 ₫",0 ₫,0 ₫,10/01/2023 15:01,31/01/2023,Đã phát
680,28,"V50052261125200 E0229V00
Khối hồng cầu từ 250 ml máu toàn phần",O+,"871,000 ₫",0 ₫,0 ₫,10/01/2023 15:01,31/01/2023,Đã phát
680,29,"V50052241098800 E7425VB0
Khối hồng cầu từ 200 ml máu toàn phần",A+,"525,000 ₫",0 ₫,0 ₫,10/01/2023 14:59,02/02/2023,Đã phát
680,30,"V50052231188200 E0229V00
Khối hồng cầu từ 250 ml máu toàn phần",O+,"871,000 ₫",0 ₫,0 ₫,10/01/2023 15:01,31/01/2023,Đã phát
680,31,"V50052241112500 E7425VB0
Khối hồng cầu từ 200 ml máu toàn phần",A+,"525,000 ₫",0 ₫,0 ₫,10/01/2023 14:59,02/02/2023,Đã phát
680,32,"V50052261096300 E0229V00
Khối hồng cầu từ 250 ml máu toàn phần",O+,"871,000 ₫",0 ₫,0 ₫,10/01/2023 15:01,31/01/2023,Đã phát
680,33,"V50052287211600 E7425VB0
Khối hồng cầu từ 200 ml máu toàn phần",A+,"525,000 ₫",0 ₫,0 ₫,10/01/2023 14:59,02/02/2023,Đã phát
680,34,"V50052261085900 E0229V00
Khối hồng cầu từ 250 ml máu toàn phần",O+,"871,000 ₫",0 ₫,0 ₫,10/01/2023 15:01,31/01/2023,Đã phát
680,35,"V50052261115600 E0229V00
Khối hồng cầu từ 250 ml máu toàn phần",O+,"871,000 ₫",0 ₫,0 ₫,10/01/2023 15:01,31/01/2023,Đã phát
680,36,"V50052261126600 E0229V00
Khối hồng cầu từ 250 ml máu toàn phần",O+,"871,000 ₫",0 ₫,0 ₫,10/01/2023 15:01,31/01/2023,Đã phát
680,37,"V50052261095800 E0229V00
Khối hồng cầu từ 250 ml máu toàn phần",O+,"871,000 ₫",0 ₫,0 ₫,10/01/2023 15:01,31/01/2023,Đã phát
680,38,"V50052261092800 E0229V00
Khối hồng cầu từ 250 ml máu toàn phần",O+,"871,000 ₫",0 ₫,0 ₫,10/01/2023 15:01,31/01/2023,Đã phát
680,39,"V50052231183800 E0229V00
Khối hồng cầu từ 250 ml máu toàn phần",O+,"871,000 ₫",0 ₫,0 ₫,10/01/2023 15:01,31/01/2023,Đã phát
680,40,"V50052261114900 E0229V00
Khối hồng cầu từ 250 ml máu toàn phần",O+,"871,000 ₫",0 ₫,0 ₫,10/01/2023 15:01,31/01/2023,Đã phát
First Column,,Tenmau,NM,Gia,Phidieuche,Phivanchuyen,Gionhap,Handung,Trangthai
GH09012023ND2,1,"V50052273626300 E8318V00
Kết tủa lạnh thể tích 50 ml",O+,"362,000 ₫",0 ₫,"17,000 ₫",09/01/2023 14:33,09/12/2024,Đã phát
GH09012023ND2,2,"V50052273627400 E8318V00
Kết tủa lạnh thể tích 50 ml",O+,"362,000 ₫",0 ₫,"17,000 ₫",09/01/2023 14:33,09/12/2024,Đã phát
GH09012023ND2,3,"V50052273625600 E8318V00
Kết tủa lạnh thể tích 50 ml",O+,"362,000 ₫",0 ₫,"17,000 ₫",09/01/2023 14:33,01/12/2024,Đã phát
GH09012023ND2,4,"V50052300029600 E3103VC0
Túi Tiểu Cầu [40ml]",O+,"453,333 ₫","197,166 ₫","17,000 ₫",09/01/2023 14:35,11/01/2023,Đã phát
GH09012023ND2,5,"V50052273624100 E8318V00
Kết tủa lạnh thể tích 50 ml",O+,"362,000 ₫",0 ₫,"17,000 ₫",09/01/2023 14:33,09/12/2024,Đã phát
GH09012023ND2,6,"V50052300029600 E3103VB0
Túi Tiểu Cầu [40ml]",O+,"453,333 ₫","197,166 ₫","17,000 ₫",09/01/2023 14:35,11/01/2023,Đã phát
GH09012023ND2,7,"V50052300039100 E3103VF0
Túi Tiểu Cầu [40ml]",O+,"453,333 ₫","197,166 ₫","17,000 ₫",09/01/2023 14:35,12/01/2023,Đã phát
GH09012023ND2,8,"V50052273626200 E8318V00
Kết tủa lạnh thể tích 50 ml",O+,"362,000 ₫",0 ₫,"17,000 ₫",09/01/2023 14:33,13/12/2024,Đã phát
GH09012023ND2,9,"V50052300039100 E3103VE0
Túi Tiểu Cầu [40ml]",O+,"453,333 ₫","197,166 ₫","17,000 ₫",09/01/2023 14:35,12/01/2023,Đã phát
GH09012023ND2,10,"V50052300039100 E3103VD0
Túi Tiểu Cầu [40ml]",O+,"453,333 ₫","197,166 ₫","17,000 ₫",09/01/2023 14:35,12/01/2023,Đã phát
GH09012023ND2,11,"V50052273639200 E8318V00
Kết tủa lạnh thể tích 50 ml",O+,"362,000 ₫",0 ₫,"17,000 ₫",09/01/2023 14:33,10/12/2024,Đã phát
GH09012023ND2,12,"V50052300039100 E3103VC0
Túi Tiểu Cầu [40ml]",O+,"453,333 ₫","197,166 ₫","17,000 ₫",09/01/2023 14:35,12/01/2023,Đã phát
GH09012023ND2,13,"V50052300036000 E9729VAA
Túi Tiểu Cầu [40ml]",A+,"453,333 ₫","197,166 ₫","17,000 ₫",09/01/2023 14:35,12/01/2023,Đã phát
GH09012023ND2,14,"V50052273621800 E8318V00
Kết tủa lạnh thể tích 50 ml",O+,"362,000 ₫",0 ₫,"17,000 ₫",09/01/2023 14:33,16/12/2024,Đã phát
GH09012023ND2,15,"V50052300036000 E9729VAB
Túi Tiểu Cầu [40ml]",A+,"453,333 ₫","197,166 ₫","17,000 ₫",09/01/2023 14:35,12/01/2023,Đã phát
GH09012023ND2,16,"V50052300036000 E9729VAC
Túi Tiểu Cầu [40ml]",A+,"453,333 ₫","197,166 ₫","17,000 ₫",09/01/2023 14:35,12/01/2023,Đã phát
GH09012023ND2,17,"V50052273624400 E8318V00
Kết tủa lạnh thể tích 50 ml",O+,"362,000 ₫",0 ₫,"17,000 ₫",09/01/2023 14:33,09/12/2024,Đã phát
GH09012023ND2,18,"V50052300036000 E9729VB0
Túi Tiểu Cầu [40ml]",A+,"453,333 ₫","197,166 ₫","17,000 ₫",09/01/2023 14:35,12/01/2023,Đã phát
GH09012023ND2,19,"V50052300035600 E3103VA0
Túi Tiểu Cầu [40ml]",A+,"453,333 ₫","197,166 ₫","17,000 ₫",09/01/2023 14:35,12/01/2023,Đã phát
GH09012023ND2,20,"V50052300035600 E3103VB0
Túi Tiểu Cầu [40ml]",A+,"453,333 ₫","197,166 ₫","17,000 ₫",09/01/2023 14:35,12/01/2023,Đã phát
GH09012023ND2,21,"V50052273627100 E8318V00
Kết tủa lạnh thể tích 50 ml",O+,"362,000 ₫",0 ₫,"17,000 ₫",09/01/2023 14:33,09/12/2024,Đã phát
GH09012023ND2,22,"V50052273427300 E8318V00
Kết tủa lạnh thể tích 50 ml",O+,"362,000 ₫",0 ₫,"17,000 ₫",09/01/2023 14:33,14/11/2024,Đã phát
GH09012023ND2,23,"V50052273621900 E8318V00
Kết tủa lạnh thể tích 50 ml",O+,"362,000 ₫",0 ₫,"17,000 ₫",09/01/2023 14:33,08/12/2024,Đã phát
GH09012023ND2,24,"V50052273636500 E8318V00
Kết tủa lạnh thể tích 50 ml",O+,"362,000 ₫",0 ₫,"17,000 ₫",09/01/2023 14:33,13/12/2024,Đã phát
GH09012023ND2,25,"V50052273622900 E8318V00
Kết tủa lạnh thể tích 50 ml",O+,"362,000 ₫",0 ₫,"17,000 ₫",09/01/2023 14:33,08/12/2024,Đã phát
GH09012023ND2,26,"V50052217224100 E7425VA0
Khối hồng cầu từ 250 ml máu toàn phần",O+,"871,000 ₫",0 ₫,"17,000 ₫",09/01/2023 14:35,08/02/2023,Đã phát
GH09012023ND2,27,"V50052273627200 E8318V00
Kết tủa lạnh thể tích 50 ml",O+,"362,000 ₫",0 ₫,"17,000 ₫",09/01/2023 14:33,08/12/2024,Đã phát
GH09012023ND2,28,"V50052273626600 E8318V00
Kết tủa lạnh thể tích 50 ml",O+,"362,000 ₫",0 ₫,"17,000 ₫",09/01/2023 14:33,09/12/2024,Đã phát
GH09012023ND2,29,"V50052315056800 E7426VA0
Khối hồng cầu từ 250 ml máu toàn phần",O+,"871,000 ₫",0 ₫,"17,000 ₫",09/01/2023 14:35,15/02/2023,Đã phát
GH09012023ND2,30,"V50052273621700 E8318V00
Kết tủa lạnh thể tích 50 ml",O+,"362,000 ₫",0 ₫,"17,000 ₫",09/01/2023 14:33,14/12/2024,Đã phát
GH09012023ND2,31,"V50052315061400 E8289VA0
Khối hồng cầu từ 250 ml máu toàn phần",O+,"871,000 ₫",0 ₫,"17,000 ₫",09/01/2023 14:35,15/02/2023,Đã phát
GH09012023ND2,32,"V50052315060900 E7426VA0
Khối hồng cầu từ 250 ml máu toàn phần",O+,"871,000 ₫",0 ₫,"17,000 ₫",09/01/2023 14:35,15/02/2023,Đã phát
GH09012023ND2,33,"V50052315062700 E7426VA0
Khối hồng cầu từ 250 ml máu toàn phần",O+,"871,000 ₫",0 ₫,"17,000 ₫",09/01/2023 14:35,15/02/2023,Đã phát
GH09012023ND2,34,"V50052217225600 E7425VA0
Khối hồng cầu từ 250 ml máu toàn phần",O+,"871,000 ₫",0 ₫,"17,000 ₫",09/01/2023 14:35,08/02/2023,Đã phát
GH09012023ND2,35,"V50052273625800 E8318V00
Kết tủa lạnh thể tích 50 ml",O+,"362,000 ₫",0 ₫,"17,000 ₫",09/01/2023 14:33,09/12/2024,Đã phát
GH09012023ND2,36,"V50052217222000 E7425VA0
Khối hồng cầu từ 250 ml máu toàn phần",O+,"871,000 ₫",0 ₫,"17,000 ₫",09/01/2023 14:35,08/02/2023,Đã phát
GH09012023ND2,37,"V50052281580000 E7425VA0
Khối hồng cầu từ 250 ml máu toàn phần",O+,"871,000 ₫",0 ₫,"17,000 ₫",09/01/2023 14:35,08/02/2023,Đã phát
GH09012023ND2,38,"V50052273623600 E8318V00
Kết tủa lạnh thể tích 50 ml",O+,"362,000 ₫",0 ₫,"17,000 ₫",09/01/2023 14:33,16/12/2024,Đã phát
GH09012023ND2,39,"V50052217225800 E7425VA0
Khối hồng cầu từ 250 ml máu toàn phần",O+,"871,000 ₫",0 ₫,"17,000 ₫",09/01/2023 14:35,08/02/2023,Đã phát
GH09012023ND2,40,"V50052261097100 E7425VA0
Khối hồng cầu từ 250 ml máu toàn phần",O+,"871,000 ₫",0 ₫,"17,000 ₫",09/01/2023 14:35,07/02/2023,Đã phát
First Column,,Tenmau,NM,Gia,Phidieuche,Phivanchuyen,Gionhap,Handung,Trangthai
BLTT141,1,"V50052300045800 E3103VA0
Túi Tiểu Cầu [40ml]",O+,"453,333 ₫","197,166 ₫",0 ₫,09/01/2023 22:57,14/01/2023,Đã phát
BLTT141,2,"V50052300045800 E3103VC0
Túi Tiểu Cầu [40ml]",O+,"453,333 ₫","197,166 ₫",0 ₫,09/01/2023 22:57,14/01/2023,Đã phát
BLTT141,3,"052300045800 E3103VF0
Túi Tiểu Cầu [40ml]",O+,"453,333 ₫","197,166 ₫",0 ₫,09/01/2023 22:57,14/01/2023,Đã huỷ túi
BLTT141,4,"V50052300045800 E3103VD0
Túi Tiểu Cầu [40ml]",O+,"453,333 ₫","197,166 ₫",0 ₫,09/01/2023 22:57,14/01/2023,Đã phát
BLTT141,5,"V50052300045800 E3103VE0
Túi Tiểu Cầu [40ml]",O+,"453,333 ₫","197,166 ₫",0 ₫,09/01/2023 22:57,14/01/2023,Đã phát
BLTT141,6,"V50052300045800 E3103VB0
Túi Tiểu Cầu [40ml]",O+,"453,333 ₫","197,166 ₫",0 ₫,09/01/2023 22:57,14/01/2023,Đã phát
BLTT141,7,"V50052300039100 E3103VA0
Túi Tiểu Cầu [40ml]",O+,"453,333 ₫","197,166 ₫",0 ₫,09/01/2023 22:57,12/01/2023,Đã phát
BLTT141,8,"V50052300041800 E3103VB0
Túi Tiểu Cầu [40ml]",O+,"453,333 ₫","197,166 ₫",0 ₫,09/01/2023 22:57,14/01/2023,Đã phát
BLTT141,9,"V50052300041800 E3103VA0
Túi Tiểu Cầu [120ml]",O+,"1,360,000 ₫","627,000 ₫",0 ₫,09/01/2023 22:57,14/01/2023,Đã phát
BLTT141,10,"V50052300045800 E3103VF0
Túi Tiểu Cầu [40ml]",O+,"453,333 ₫","197,166 ₫",0 ₫,10/01/2023 10:57,14/01/2023,Đã phát
First Column,,Tenmau,NM,Gia,Phidieuche,Phivanchuyen,Gionhap,Handung,Trangthai
20230103,1,"V50052300026300 E3103VB0
Túi Tiểu Cầu [40ml]",AB+,"453,333 ₫","197,166 ₫",0 ₫,08/01/2023 16:11,10/01/2023,Đã phát
20230103,2,"V50052300026300 E3103VA0
Túi Tiểu Cầu [40ml]",AB+,"453,333 ₫","197,166 ₫",0 ₫,08/01/2023 16:11,10/01/2023,Đã huỷ túi
20230103,3,"V50052300026300 E3103VF0
Túi Tiểu Cầu [40ml]",AB+,"453,333 ₫","197,166 ₫",0 ₫,08/01/2023 16:11,10/01/2023,Đã huỷ túi
20230103,4,"V50052300026300 E3103VE0
Túi Tiểu Cầu [40ml]",AB+,"453,333 ₫","197,166 ₫",0 ₫,08/01/2023 16:11,10/01/2023,Đã huỷ túi
20230103,5,"V50052300026300 E3103VD0
Túi Tiểu Cầu [40ml]",AB+,"453,333 ₫","197,166 ₫",0 ₫,08/01/2023 16:11,10/01/2023,Đã huỷ túi
20230103,6,"V50052300026300 E3103VC0
Túi Tiểu Cầu [40ml]",AB+,"453,333 ₫","197,166 ₫",0 ₫,08/01/2023 16:11,10/01/2023,Đã huỷ túi
20230103,7,"V50052300034800 E9729VF0
Túi Tiểu Cầu [40ml]",O+,"453,333 ₫","197,166 ₫",0 ₫,08/01/2023 16:11,12/01/2023,Đã phát
20230103,8,"V50052300034800 E9729VE0
Túi Tiểu Cầu [40ml]",O+,"453,333 ₫","197,166 ₫",0 ₫,08/01/2023 16:11,12/01/2023,Đã phát
20230103,9,"V50052300034800 E9729VD0
Túi Tiểu Cầu [40ml]",O+,"453,333 ₫","197,166 ₫",0 ₫,08/01/2023 16:11,12/01/2023,Đã phát
20230103,10,"V50052300034800 E9729VC0
Túi Tiểu Cầu [40ml]",O+,"453,333 ₫","197,166 ₫",0 ₫,08/01/2023 16:11,12/01/2023,Đã phát
20230103,11,"V50052300034800 E9729VB0
Túi Tiểu Cầu [40ml]",O+,"453,333 ₫","197,166 ₫",0 ₫,08/01/2023 16:11,12/01/2023,Đã phát
20230103,12,"V50052300034800 E9729VA0
Túi Tiểu Cầu [40ml]",O+,"453,333 ₫","197,166 ₫",0 ₫,08/01/2023 16:11,12/01/2023,Đã phát
20230103,13,"V50052300033400 E2940VF0
Túi Tiểu Cầu [40ml]",O+,"453,333 ₫","197,166 ₫",0 ₫,08/01/2023 16:11,11/01/2023,Đã phát
20230103,14,"V50052300033400 E2940VD0
Túi Tiểu Cầu [40ml]",O+,"453,333 ₫","197,166 ₫",0 ₫,08/01/2023 16:11,11/01/2023,Đã phát
20230103,15,"V50052300033400 E2940VC0
Túi Tiểu Cầu [40ml]",O+,"453,333 ₫","197,166 ₫",0 ₫,08/01/2023 16:11,11/01/2023,Đã phát
20230103,16,"V50052300033400 E2940VE0
Túi Tiểu Cầu [40ml]",O+,"453,333 ₫","197,166 ₫",0 ₫,08/01/2023 16:11,11/01/2023,Đã phát
20230103,17,"V50052300033400 E2940VB0
Túi Tiểu Cầu [40ml]",O+,"453,333 ₫","197,166 ₫",0 ₫,08/01/2023 16:11,11/01/2023,Đã phát
20230103,18,"V50052300033400 E2940VA0
Túi Tiểu Cầu [40ml]",O+,"453,333 ₫","197,166 ₫",0 ₫,08/01/2023 16:11,11/01/2023,Đã phát
First Column,,Tenmau,NM,Gia,Phidieuche,Phivanchuyen,Gionhap,Handung,Trangthai
0050,1,"V50052300029800 E3103VE0
Túi Tiểu Cầu [40ml]",A+,"453,333 ₫","197,166 ₫",0 ₫,07/01/2023 16:05,11/01/2023,Đã phát
0050,2,"V50052300029800 E3103VA0
Túi Tiểu Cầu [40ml]",A+,"453,333 ₫","197,166 ₫",0 ₫,07/01/2023 16:05,11/01/2023,Đã phát
0050,3,"V50052300029800 E3103VF0
Túi Tiểu Cầu [40ml]",A+,"453,333 ₫","197,166 ₫",0 ₫,07/01/2023 16:05,11/01/2023,Đã phát
0050,4,"V50052300029800 E3103VD0
Túi Tiểu Cầu [40ml]",A+,"453,333 ₫","197,166 ₫",0 ₫,07/01/2023 16:05,11/01/2023,Đã phát
0050,5,"V50052300029800 E3103VC0
Túi Tiểu Cầu [40ml]",A+,"453,333 ₫","197,166 ₫",0 ₫,07/01/2023 16:05,11/01/2023,Đã phát
0050,6,"V50052300029800 E3103VB0
Túi Tiểu Cầu [40ml]",A+,"453,333 ₫","197,166 ₫",0 ₫,07/01/2023 16:05,11/01/2023,Đã phát
0050,7,"V50052300029800 E3102VB0
Túi Tiểu Cầu [40ml]",A+,"453,333 ₫","197,166 ₫",0 ₫,07/01/2023 16:05,11/01/2023,Đã phát
0050,8,"V50052300029800 E3102VC0
Túi Tiểu Cầu [40ml]",A+,"453,333 ₫","197,166 ₫",0 ₫,07/01/2023 16:05,11/01/2023,Đã phát
0050,9,"V50052300029800 E3102VD0
Túi Tiểu Cầu [40ml]",A+,"453,333 ₫","197,166 ₫",0 ₫,07/01/2023 16:05,11/01/2023,Đã phát
0050,10,"V50052300029800 E3102VE0
Túi Tiểu Cầu [40ml]",A+,"453,333 ₫","197,166 ₫",0 ₫,07/01/2023 16:05,11/01/2023,Đã phát
0050,11,"V50052300029800 E3102VF0
Túi Tiểu Cầu [40ml]",A+,"453,333 ₫","197,166 ₫",0 ₫,07/01/2023 16:05,11/01/2023,Đã phát
0050,12,"V50052300022800 E9727VDC
Túi Tiểu Cầu [40ml]",A+,"453,333 ₫","197,166 ₫",0 ₫,07/01/2023 16:05,10/01/2023,Đã phát
0050,13,"V50052281564100 E7425VA0
Khối hồng cầu từ 250 ml máu toàn phần",O+,"871,000 ₫",0 ₫,0 ₫,07/01/2023 16:05,07/02/2023,Đã phát
0050,14,"V50052281564100 E7425VB0
Khối hồng cầu từ 200 ml máu toàn phần",O+,"525,000 ₫",0 ₫,0 ₫,07/01/2023 16:05,07/02/2023,Đã phát
0050,15,"V50052231185000 E7425VB0
Khối hồng cầu từ 200 ml máu toàn phần",O+,"525,000 ₫",0 ₫,0 ₫,07/01/2023 16:05,07/02/2023,Đã phát
0050,16,"V50052231185000 E7425VA0
Khối hồng cầu từ 250 ml máu toàn phần",O+,"871,000 ₫",0 ₫,0 ₫,07/01/2023 16:05,07/02/2023,Đã phát
0050,17,"V50052287218500 E7425VB0
Khối hồng cầu từ 200 ml máu toàn phần",O+,"525,000 ₫",0 ₫,0 ₫,07/01/2023 16:05,07/02/2023,Đã phát
0050,18,"V50052287218500 E7425VA0
Khối hồng cầu từ 250 ml máu toàn phần",O+,"871,000 ₫",0 ₫,0 ₫,07/01/2023 16:05,07/02/2023,Đã phát
0050,19,"V50052231176800 E7425VA0
Khối hồng cầu từ 250 ml máu toàn phần",O+,"871,000 ₫",0 ₫,0 ₫,07/01/2023 16:05,07/02/2023,Đã phát
0050,20,"V50052231176800 E7425VB0
Khối hồng cầu từ 200 ml máu toàn phần",O+,"525,000 ₫",0 ₫,0 ₫,07/01/2023 16:05,07/02/2023,Đã phát
0050,21,"V50052281566400 E7425VA0
Khối hồng cầu từ 250 ml máu toàn phần",O+,"871,000 ₫",0 ₫,0 ₫,07/01/2023 16:05,07/02/2023,Đã phát
0050,22,"V50052281566400 E7425VB0
Khối hồng cầu từ 200 ml máu toàn phần",O+,"525,000 ₫",0 ₫,0 ₫,07/01/2023 16:05,07/02/2023,Đã phát
First Column,,Tenmau,NM,Gia,Phidieuche,Phivanchuyen,Gionhap,Handung,Trangthai
1000,1,"V50052241087100 E0229V00
Khối hồng cầu từ 250 ml máu toàn phần",O+,"871,000 ₫",0 ₫,"17,000 ₫",06/01/2023 10:01,26/01/2023,Đã phát
1000,2,"V50052230948600 E8313V00
Huyết tương tươi đông lạnh 200 ml",A+,"285,000 ₫",0 ₫,"17,000 ₫",06/01/2023 13:07,23/11/2024,Đã phát
1000,3,"V50052273308600 E8318V00
Kết tủa lạnh thể tích 50 ml",O+,"362,000 ₫",0 ₫,"17,000 ₫",07/01/2023 08:13,18/11/2024,Đã phát
1000,4,"V50052250968100 E7426VA0
Khối hồng cầu từ 250 ml máu toàn phần",O+,"871,000 ₫",0 ₫,"17,000 ₫",09/01/2023 14:11,28/01/2023,Đã phát
First Column,,Tenmau,NM,Gia,Phidieuche,Phivanchuyen,Gionhap,Handung,Trangthai
0601232GHND2,1,"V50052300020900 E3103VC0
Túi Tiểu Cầu [40ml]",O+,"453,333 ₫","197,166 ₫","17,000 ₫",06/01/2023 14:59,10/01/2023,Đã phát
0601232GHND2,2,"V50052300020900 E3103VD0
Túi Tiểu Cầu [40ml]",O+,"453,333 ₫","197,166 ₫","17,000 ₫",06/01/2023 14:59,10/01/2023,Đã phát
0601232GHND2,3,"V50052300020900 E3103VE0
Túi Tiểu Cầu [40ml]",O+,"453,333 ₫","197,166 ₫","17,000 ₫",06/01/2023 14:59,10/01/2023,Đã phát
0601232GHND2,4,"V50052300020900 E3103VF0
Túi Tiểu Cầu [40ml]",O+,"453,333 ₫","197,166 ₫","17,000 ₫",06/01/2023 14:59,10/01/2023,Đã phát
0601232GHND2,5,"V50052300019900 E9727VB0
Túi Tiểu Cầu [40ml]",O+,"453,333 ₫","197,166 ₫","17,000 ₫",06/01/2023 14:59,10/01/2023,Đã phát
0601232GHND2,6,"V50052300019900 E9727VC0
Túi Tiểu Cầu [40ml]",O+,"453,333 ₫","197,166 ₫","17,000 ₫",06/01/2023 14:59,10/01/2023,Đã phát
0601232GHND2,7,"V50052300020700 E4635VB0
Túi Tiểu Cầu [40ml]",O+,"453,333 ₫","197,166 ₫","17,000 ₫",06/01/2023 14:59,10/01/2023,Đã phát
0601232GHND2,8,"V50052300020900 E3102VA0
Túi Tiểu Cầu [40ml]",O+,"453,333 ₫","197,166 ₫","17,000 ₫",06/01/2023 14:59,10/01/2023,Đã phát
0601232GHND2,9,"V50052300020900 E3102VB0
Túi Tiểu Cầu [40ml]",O+,"453,333 ₫","197,166 ₫","17,000 ₫",06/01/2023 14:59,10/01/2023,Đã phát
0601232GHND2,10,"V50052300020900 E3103VB0
Túi Tiểu Cầu [40ml]",O+,"453,333 ₫","197,166 ₫","17,000 ₫",06/01/2023 14:59,10/01/2023,Đã phát
0601232GHND2,11,"V50052300020900 E3103VA0
Túi Tiểu Cầu [40ml]",O+,"453,333 ₫","197,166 ₫","17,000 ₫",06/01/2023 14:59,10/01/2023,Đã phát
0601232GHND2,12,"V50052300020900 E3102VC0
Túi Tiểu Cầu [40ml]",O+,"453,333 ₫","197,166 ₫","17,000 ₫",06/01/2023 14:59,10/01/2023,Đã phát
0601232GHND2,13,"V50052300020900 E3102VD0
Túi Tiểu Cầu [40ml]",O+,"453,333 ₫","197,166 ₫","17,000 ₫",06/01/2023 14:59,10/01/2023,Đã phát
0601232GHND2,14,"V50052300020900 E3102VE0
Túi Tiểu Cầu [40ml]",O+,"453,333 ₫","197,166 ₫","17,000 ₫",06/01/2023 14:59,10/01/2023,Đã phát
0601232GHND2,15,"V50052300020900 E3102VF0
Túi Tiểu Cầu [40ml]",O+,"453,333 ₫","197,166 ₫","17,000 ₫",06/01/2023 14:59,10/01/2023,Đã phát
0601232GHND2,16,"V50052300026000 E3102VB0
Túi Tiểu Cầu [40ml]",B+,"453,333 ₫","197,166 ₫","17,000 ₫",06/01/2023 14:59,10/01/2023,Đã phát
0601232GHND2,17,"V50052300026000 E3102VC0
Túi Tiểu Cầu [40ml]",B+,"453,333 ₫","197,166 ₫","17,000 ₫",06/01/2023 14:59,10/01/2023,Đã phát
0601232GHND2,18,"V50052300026000 E3102VA0
Túi Tiểu Cầu [40ml]",B+,"453,333 ₫","197,166 ₫","17,000 ₫",06/01/2023 14:59,10/01/2023,Đã phát
0601232GHND2,19,"V50052300024700 E3102VB0
Túi Tiểu Cầu [40ml]",B+,"453,333 ₫","197,166 ₫","17,000 ₫",06/01/2023 14:59,10/01/2023,Đã phát
0601232GHND2,20,"V50052300024700 E3102VD0
Túi Tiểu Cầu [40ml]",B+,"453,333 ₫","197,166 ₫","17,000 ₫",06/01/2023 14:59,10/01/2023,Đã phát
0601232GHND2,21,"V50052300024700 E3102VE0
Túi Tiểu Cầu [40ml]",B+,"453,333 ₫","197,166 ₫","17,000 ₫",06/01/2023 14:59,10/01/2023,Đã phát
0601232GHND2,22,"V50052300024700 E3102VC0
Túi Tiểu Cầu [40ml]",B+,"453,333 ₫","197,166 ₫","17,000 ₫",06/01/2023 14:59,10/01/2023,Đã phát
0601232GHND2,23,"V50052300024700 E3103VD0
Túi Tiểu Cầu [40ml]",B+,"453,333 ₫","197,166 ₫","17,000 ₫",06/01/2023 14:59,10/01/2023,Đã phát
0601232GHND2,24,"V50052300024700 E3103VE0
Túi Tiểu Cầu [40ml]",B+,"453,333 ₫","197,166 ₫","17,000 ₫",06/01/2023 14:59,10/01/2023,Đã phát
0601232GHND2,25,"V50052300024700 E3103VB0
Túi Tiểu Cầu [40ml]",B+,"453,333 ₫","197,166 ₫","17,000 ₫",06/01/2023 14:59,10/01/2023,Đã phát
0601232GHND2,26,"V50052300024700 E3103VC0
Túi Tiểu Cầu [40ml]",B+,"453,333 ₫","197,166 ₫","17,000 ₫",06/01/2023 14:59,10/01/2023,Đã phát
0601232GHND2,27,"V50052300024700 E3102VA0
Túi Tiểu Cầu [40ml]",B+,"453,333 ₫","197,166 ₫","17,000 ₫",06/01/2023 14:59,10/01/2023,Đã phát
0601232GHND2,28,"V50052300024700 E3102VF0
Túi Tiểu Cầu [40ml]",B+,"453,333 ₫","197,166 ₫","17,000 ₫",06/01/2023 14:59,10/01/2023,Đã phát
0601232GHND2,29,"V50052300024700 E3103VF0
Túi Tiểu Cầu [40ml]",B+,"453,333 ₫","197,166 ₫","17,000 ₫",06/01/2023 14:59,10/01/2023,Đã phát
0601232GHND2,30,"V50052300024700 E3103VA0
Túi Tiểu Cầu [40ml]",B+,"453,333 ₫","197,166 ₫","17,000 ₫",06/01/2023 14:59,10/01/2023,Đã phát
0601232GHND2,31,"V50052300022800 E9727VA0
Túi Tiểu Cầu [40ml]",A+,"453,333 ₫","197,166 ₫","17,000 ₫",06/01/2023 14:59,10/01/2023,Đã phát
0601232GHND2,32,"V50052300018000 E3102VAA
Túi Tiểu Cầu [40ml]",A+,"453,333 ₫","197,166 ₫","17,000 ₫",06/01/2023 14:59,09/01/2023,Đã phát
0601232GHND2,33,"V50052300022800 E9727VC0
Túi Tiểu Cầu [40ml]",A+,"453,333 ₫","197,166 ₫","17,000 ₫",06/01/2023 14:59,10/01/2023,Đã phát
0601232GHND2,34,"V50052300022800 E9727VB0
Túi Tiểu Cầu [40ml]",A+,"453,333 ₫","197,166 ₫","17,000 ₫",06/01/2023 14:59,10/01/2023,Đã phát
0601232GHND2,35,"V50052272577200 E8318V00
Kết tủa lạnh thể tích 50 ml",B+,"362,000 ₫",0 ₫,"17,000 ₫",06/01/2023 14:59,23/09/2024,Đã phát
0601232GHND2,36,"V50052241166300 E0719V00
Huyết tương tươi đông lạnh 150 ml",A+,"181,000 ₫",0 ₫,"17,000 ₫",06/01/2023 15:03,26/12/2024,Đã phát
0601232GHND2,37,"V50052272535800 E8318V00
Kết tủa lạnh thể tích 50 ml",B+,"362,000 ₫",0 ₫,"17,000 ₫",06/01/2023 14:59,08/08/2024,Đã phát
0601232GHND2,38,"V50052241176800 E0719V00
Huyết tương tươi đông lạnh 150 ml",A+,"181,000 ₫",0 ₫,"17,000 ₫",06/01/2023 15:03,26/12/2024,Đã phát
0601232GHND2,39,"V50052272535500 E8318V00
Kết tủa lạnh thể tích 50 ml",B+,"362,000 ₫",0 ₫,"17,000 ₫",06/01/2023 14:59,18/08/2024,Đã phát
0601232GHND2,40,"V50052211144300 E0719V00
Huyết tương tươi đông lạnh 150 ml",A+,"181,000 ₫",0 ₫,"17,000 ₫",06/01/2023 15:03,26/12/2024,Đã phát
First Column,,Tenmau,NM,Gia,Phidieuche,Phivanchuyen,Gionhap,Handung,Trangthai
2k23ttm300,1,"V50052300018700 E3102VB0
Túi Tiểu Cầu [40ml]",B+,"453,333 ₫","197,166 ₫",0 ₫,05/01/2023 14:30,09/01/2023,Đã phát
2k23ttm300,2,"V50052300017400 E3103VAC
Túi Tiểu Cầu [40ml]",B+,"453,333 ₫","197,166 ₫",0 ₫,05/01/2023 14:30,09/01/2023,Đã phát
2k23ttm300,3,"V50052300017400 E3103VAB
Túi Tiểu Cầu [40ml]",B+,"453,333 ₫","197,166 ₫",0 ₫,05/01/2023 14:30,09/01/2023,Đã phát
2k23ttm300,4,"V50052300017700 E2940VF0
Túi Tiểu Cầu [40ml]",B+,"453,333 ₫","197,166 ₫",0 ₫,05/01/2023 14:30,09/01/2023,Đã phát
2k23ttm300,5,"V50052300017700 E2940VB0
Túi Tiểu Cầu [40ml]",B+,"453,333 ₫","197,166 ₫",0 ₫,05/01/2023 14:30,09/01/2023,Đã phát
2k23ttm300,6,"V50052300017700 E2940VD0
Túi Tiểu Cầu [40ml]",B+,"453,333 ₫","197,166 ₫",0 ₫,05/01/2023 14:30,09/01/2023,Đã phát
2k23ttm300,7,"V50052300017700 E2940VE0
Túi Tiểu Cầu [40ml]",B+,"453,333 ₫","197,166 ₫",0 ₫,05/01/2023 14:30,09/01/2023,Đã phát
2k23ttm300,8,"V50052300017700 E2940VC0
Túi Tiểu Cầu [40ml]",B+,"453,333 ₫","197,166 ₫",0 ₫,05/01/2023 14:30,09/01/2023,Đã phát
2k23ttm300,9,"V50052300017700 E2940VA0
Túi Tiểu Cầu [40ml]",B+,"453,333 ₫","197,166 ₫",0 ₫,05/01/2023 14:30,09/01/2023,Đã phát
2k23ttm300,10,"V50052300018700 E3103VB0
Túi Tiểu Cầu [40ml]",B+,"453,333 ₫","197,166 ₫",0 ₫,05/01/2023 14:30,09/01/2023,Đã phát
2k23ttm300,11,"V50052300014900 E3102VF0
Túi Tiểu Cầu [40ml]",O+,"453,333 ₫","197,166 ₫",0 ₫,05/01/2023 14:30,09/01/2023,Đã phát
2k23ttm300,12,"V50052300014900 E3102VE0
Túi Tiểu Cầu [40ml]",O+,"453,333 ₫","197,166 ₫",0 ₫,05/01/2023 14:30,09/01/2023,Đã phát
2k23ttm300,13,"V50052300014900 E3102VC0
Túi Tiểu Cầu [40ml]",O+,"453,333 ₫","197,166 ₫",0 ₫,05/01/2023 14:30,09/01/2023,Đã phát
2k23ttm300,14,"V50052300014900 E3102VD0
Túi Tiểu Cầu [40ml]",O+,"453,333 ₫","197,166 ₫",0 ₫,05/01/2023 14:30,09/01/2023,Đã phát
2k23ttm300,15,"V50052300014900 E3102VA0
Túi Tiểu Cầu [40ml]",O+,"453,333 ₫","197,166 ₫",0 ₫,05/01/2023 14:30,09/01/2023,Đã phát
2k23ttm300,16,"V50052300017300 E3103VA0
Túi Tiểu Cầu [40ml]",O+,"453,333 ₫","197,166 ₫",0 ₫,05/01/2023 14:30,09/01/2023,Đã phát
2k23ttm300,17,"V50052300017300 E3103VD0
Túi Tiểu Cầu [40ml]",O+,"453,333 ₫","197,166 ₫",0 ₫,05/01/2023 14:30,09/01/2023,Đã phát
2k23ttm300,18,"V50052300017300 E3103VE0
Túi Tiểu Cầu [40ml]",O+,"453,333 ₫","197,166 ₫",0 ₫,05/01/2023 14:30,09/01/2023,Đã phát
2k23ttm300,19,"V50052300017300 E3103VC0
Túi Tiểu Cầu [40ml]",O+,"453,333 ₫","197,166 ₫",0 ₫,05/01/2023 14:30,09/01/2023,Đã phát
2k23ttm300,20,"V50052300017300 E3103VF0
Túi Tiểu Cầu [40ml]",O+,"453,333 ₫","197,166 ₫",0 ₫,05/01/2023 14:30,09/01/2023,Đã phát
2k23ttm300,21,"V50052300014900 E3103VF0
Túi Tiểu Cầu [40ml]",O+,"453,333 ₫","197,166 ₫",0 ₫,05/01/2023 14:30,09/01/2023,Đã phát
2k23ttm300,22,"V50052300017300 E3103VB0
Túi Tiểu Cầu [40ml]",O+,"453,333 ₫","197,166 ₫",0 ₫,05/01/2023 14:30,09/01/2023,Đã phát
2k23ttm300,23,"V50052300014900 E3103VE0
Túi Tiểu Cầu [40ml]",O+,"453,333 ₫","197,166 ₫",0 ₫,05/01/2023 14:30,09/01/2023,Đã phát
2k23ttm300,24,"V50052300014900 E3103VD0
Túi Tiểu Cầu [40ml]",O+,"453,333 ₫","197,166 ₫",0 ₫,05/01/2023 14:30,09/01/2023,Đã phát
2k23ttm300,25,"V50052300014900 E3103VA0
Túi Tiểu Cầu [40ml]",O+,"453,333 ₫","197,166 ₫",0 ₫,05/01/2023 14:30,09/01/2023,Đã phát
2k23ttm300,26,"V50052300014900 E3103VC0
Túi Tiểu Cầu [40ml]",O+,"453,333 ₫","197,166 ₫",0 ₫,05/01/2023 14:30,09/01/2023,Đã phát
2k23ttm300,27,"V50052300018700 E3102VC0
Túi Tiểu Cầu [40ml]",B+,"453,333 ₫","197,166 ₫",0 ₫,05/01/2023 14:30,09/01/2023,Đã phát
2k23ttm300,28,"V50052300018700 E3102VF0
Túi Tiểu Cầu [40ml]",B+,"453,333 ₫","197,166 ₫",0 ₫,05/01/2023 14:30,09/01/2023,Đã phát
2k23ttm300,29,"V50052300018700 E3102VE0
Túi Tiểu Cầu [40ml]",B+,"453,333 ₫","197,166 ₫",0 ₫,05/01/2023 14:30,09/01/2023,Đã phát
2k23ttm300,30,"V50052300018700 E3102VD0
Túi Tiểu Cầu [40ml]",B+,"453,333 ₫","197,166 ₫",0 ₫,05/01/2023 14:30,09/01/2023,Đã phát
2k23ttm300,31,"V50052300018700 E3103VA0
Túi Tiểu Cầu [40ml]",B+,"453,333 ₫","197,166 ₫",0 ₫,05/01/2023 14:30,09/01/2023,Đã phát
2k23ttm300,32,"V50052300018700 E3102VA0
Túi Tiểu Cầu [40ml]",B+,"453,333 ₫","197,166 ₫",0 ₫,05/01/2023 14:30,09/01/2023,Đã phát
2k23ttm300,33,"V50052300018700 E3103VC0
Túi Tiểu Cầu [40ml]",B+,"453,333 ₫","197,166 ₫",0 ₫,05/01/2023 14:30,09/01/2023,Đã phát
2k23ttm300,34,"V50052300014900 E3103VB0
Túi Tiểu Cầu [40ml]",O+,"453,333 ₫","197,166 ₫",0 ₫,05/01/2023 14:30,09/01/2023,Đã phát
2k23ttm300,35,"V50052300017400 E3103VAA
Túi Tiểu Cầu [40ml]",B+,"453,333 ₫","197,166 ₫",0 ₫,05/01/2023 14:35,09/01/2023,Đã phát
2k23ttm300,36,"V50052300014900 E3102VB0
Túi Tiểu Cầu [40ml]",O+,"453,333 ₫","197,166 ₫",0 ₫,05/01/2023 14:30,09/01/2023,Đã phát
2k23ttm300,37,"V50052300018700 E3103VE0
Túi Tiểu Cầu [40ml]",B+,"453,333 ₫","197,166 ₫",0 ₫,05/01/2023 14:35,09/01/2023,Đã phát
2k23ttm300,38,"V50052261065400 E0229V00
Khối hồng cầu từ 250 ml máu toàn phần",B+,"871,000 ₫",0 ₫,0 ₫,05/01/2023 14:30,28/01/2023,Đã phát
2k23ttm300,39,"V50052300018700 E3103VF0
Túi Tiểu Cầu [40ml]",B+,"453,333 ₫","197,166 ₫",0 ₫,05/01/2023 14:35,09/01/2023,Đã phát
2k23ttm300,40,"V50052217163800 E0229V00
Khối hồng cầu từ 250 ml máu toàn phần",B+,"871,000 ₫",0 ₫,0 ₫,05/01/2023 14:30,28/01/2023,Đã phát
First Column,,Tenmau,NM,Gia,Phidieuche,Phivanchuyen,Gionhap,Handung,Trangthai
1192,1,"V50052300011500 E3102VDA
Túi Tiểu Cầu [40ml]",B+,"453,333 ₫","197,166 ₫",0 ₫,05/01/2023 21:37,09/01/2023,Đã phát
1192,2,"V50052300011500 E3102VDC
Túi Tiểu Cầu [40ml]",B+,"453,333 ₫","197,166 ₫",0 ₫,05/01/2023 21:37,09/01/2023,Đã phát
1192,3,"V50052300011500 E3102VDB
Túi Tiểu Cầu [40ml]",B+,"453,333 ₫","197,166 ₫",0 ₫,05/01/2023 21:37,09/01/2023,Đã phát
1192,4,"V50052300021900 E9727VC0
Túi Tiểu Cầu [40ml]",AB+,"453,333 ₫","197,166 ₫",0 ₫,05/01/2023 21:39,10/01/2023,Đã phát
1192,5,"V50052300018300 E3102VC0
Túi Tiểu Cầu [40ml]",O+,"453,333 ₫","197,166 ₫",0 ₫,05/01/2023 21:39,09/01/2023,Đã phát
1192,6,"V50052300018300 E3102VA0
Túi Tiểu Cầu [40ml]",O+,"453,333 ₫","197,166 ₫",0 ₫,05/01/2023 21:39,09/01/2023,Đã phát
1192,7,"V50052300019900 E9727VA0
Túi Tiểu Cầu [40ml]",O+,"453,333 ₫","197,166 ₫",0 ₫,05/01/2023 21:39,10/01/2023,Đã phát
1192,8,"V50052300020600 E2940VD0
Túi Tiểu Cầu [40ml]",O+,"453,333 ₫","197,166 ₫",0 ₫,05/01/2023 21:39,10/01/2023,Đã phát
1192,9,"V50052300020600 E2940VC0
Túi Tiểu Cầu [40ml]",O+,"453,333 ₫","197,166 ₫",0 ₫,05/01/2023 21:39,10/01/2023,Đã phát
1192,10,"V50052300020600 E2940VF0
Túi Tiểu Cầu [40ml]",O+,"453,333 ₫","197,166 ₫",0 ₫,05/01/2023 21:39,10/01/2023,Đã phát
1192,11,"V50052300020600 E2940VE0
Túi Tiểu Cầu [40ml]",O+,"453,333 ₫","197,166 ₫",0 ₫,05/01/2023 21:39,10/01/2023,Đã phát
1192,12,"V50052300020600 E2940VA0
Túi Tiểu Cầu [40ml]",O+,"453,333 ₫","197,166 ₫",0 ₫,05/01/2023 21:39,10/01/2023,Đã phát
1192,13,"V50052300020600 E2940VB0
Túi Tiểu Cầu [40ml]",O+,"453,333 ₫","197,166 ₫",0 ₫,05/01/2023 21:39,10/01/2023,Đã phát
First Column,,Tenmau,NM,Gia,Phidieuche,Phivanchuyen,Gionhap,Handung,Trangthai
20401231,1,"V50052300005300 E3102VE0
Túi Tiểu Cầu [40ml]",O+,"453,333 ₫","197,166 ₫","17,000 ₫",04/01/2023 14:15,08/01/2023,Đã phát
20401231,2,"V50052300004500 E9729VF0
Túi Tiểu Cầu [40ml]",O+,"453,333 ₫","197,166 ₫","17,000 ₫",04/01/2023 14:15,08/01/2023,Đã phát
20401231,3,"V50052300004500 E9729VE0
Túi Tiểu Cầu [40ml]",O+,"453,333 ₫","197,166 ₫","17,000 ₫",04/01/2023 14:15,08/01/2023,Đã phát
20401231,4,"V50052300005300 E3103VB0
Túi Tiểu Cầu [40ml]",O+,"453,333 ₫","197,166 ₫","17,000 ₫",04/01/2023 14:15,08/01/2023,Đã phát
20401231,5,"V50052300005300 E3103VA0
Túi Tiểu Cầu [40ml]",O+,"453,333 ₫","197,166 ₫","17,000 ₫",04/01/2023 14:15,08/01/2023,Đã phát
20401231,6,"V50052300005300 E3103VC0
Túi Tiểu Cầu [40ml]",O+,"453,333 ₫","197,166 ₫","17,000 ₫",04/01/2023 14:15,08/01/2023,Đã phát
20401231,7,"V50052300005300 E3103VD0
Túi Tiểu Cầu [40ml]",O+,"453,333 ₫","197,166 ₫","17,000 ₫",04/01/2023 14:15,08/01/2023,Đã phát
20401231,8,"V50052300005300 E3072VF0
Túi Tiểu Cầu [40ml]",O+,"453,333 ₫","197,166 ₫","17,000 ₫",04/01/2023 14:15,08/01/2023,Đã phát
20401231,9,"V50052300005300 E3072VE0
Túi Tiểu Cầu [40ml]",O+,"453,333 ₫","197,166 ₫","17,000 ₫",04/01/2023 14:15,08/01/2023,Đã phát
20401231,10,"V50052300005300 E3102VF0
Túi Tiểu Cầu [40ml]",O+,"453,333 ₫","197,166 ₫","17,000 ₫",04/01/2023 14:15,08/01/2023,Đã phát
20401231,11,"V50052300004500 E9729VA0
Túi Tiểu Cầu [40ml]",O+,"453,333 ₫","197,166 ₫","17,000 ₫",04/01/2023 14:15,08/01/2023,Đã phát
20401231,12,"V50052300004500 E9729VB0
Túi Tiểu Cầu [40ml]",O+,"453,333 ₫","197,166 ₫","17,000 ₫",04/01/2023 14:15,08/01/2023,Đã phát
20401231,13,"V50052300004500 E9729VC0
Túi Tiểu Cầu [40ml]",O+,"453,333 ₫","197,166 ₫","17,000 ₫",04/01/2023 14:15,08/01/2023,Đã phát
20401231,14,"V50052300004500 E9729VD0
Túi Tiểu Cầu [40ml]",O+,"453,333 ₫","197,166 ₫","17,000 ₫",04/01/2023 14:15,08/01/2023,Đã phát
20401231,15,"V50052300005300 E3102VA0
Túi Tiểu Cầu [40ml]",O+,"453,333 ₫","197,166 ₫","17,000 ₫",04/01/2023 14:15,08/01/2023,Đã phát
20401231,16,"V50052300005300 E3102VB0
Túi Tiểu Cầu [40ml]",O+,"453,333 ₫","197,166 ₫","17,000 ₫",04/01/2023 14:15,08/01/2023,Đã phát
20401231,17,"V50052300005300 E3102VC0
Túi Tiểu Cầu [40ml]",O+,"453,333 ₫","197,166 ₫","17,000 ₫",04/01/2023 14:15,08/01/2023,Đã phát
20401231,18,"V50052300005300 E3102VD0
Túi Tiểu Cầu [40ml]",O+,"453,333 ₫","197,166 ₫","17,000 ₫",04/01/2023 14:15,08/01/2023,Đã phát
20401231,19,"V50052300008600 E2940VAA
Túi Tiểu Cầu [40ml]",B+,"453,333 ₫","197,166 ₫","17,000 ₫",04/01/2023 14:15,08/01/2023,Đã phát
20401231,20,"V50052300008600 E2940VAB
Túi Tiểu Cầu [40ml]",B+,"453,333 ₫","197,166 ₫","17,000 ₫",04/01/2023 14:15,08/01/2023,Đã phát
20401231,21,"V50052300008600 E2940VAC
Túi Tiểu Cầu [40ml]",B+,"453,333 ₫","197,166 ₫","17,000 ₫",04/01/2023 14:15,08/01/2023,Đã phát
20401231,22,"V50052300009000 E3102VE0
Túi Tiểu Cầu [40ml]",B+,"453,333 ₫","197,166 ₫","17,000 ₫",04/01/2023 14:15,08/01/2023,Đã phát
20401231,23,"V50052300009000 E3102VA0
Túi Tiểu Cầu [40ml]",B+,"453,333 ₫","197,166 ₫","17,000 ₫",04/01/2023 14:15,08/01/2023,Đã phát
20401231,24,"V50052300006000 E3102VA0
Túi Tiểu Cầu [40ml]",B+,"453,333 ₫","197,166 ₫","17,000 ₫",04/01/2023 14:15,08/01/2023,Đã phát
20401231,25,"V50052300006000 E3102VB0
Túi Tiểu Cầu [40ml]",B+,"453,333 ₫","197,166 ₫","17,000 ₫",04/01/2023 14:15,08/01/2023,Đã phát
20401231,26,"V50052300006000 E3102VC0
Túi Tiểu Cầu [40ml]",B+,"453,333 ₫","197,166 ₫","17,000 ₫",04/01/2023 14:15,08/01/2023,Đã phát
20401231,27,"V50052300006000 E3102VD0
Túi Tiểu Cầu [40ml]",B+,"453,333 ₫","197,166 ₫","17,000 ₫",04/01/2023 14:15,08/01/2023,Đã phát
20401231,28,"V50052300006000 E3102VE0
Túi Tiểu Cầu [40ml]",B+,"453,333 ₫","197,166 ₫","17,000 ₫",04/01/2023 14:15,08/01/2023,Đã phát
20401231,29,"V50052300006000 E3102VF0
Túi Tiểu Cầu [40ml]",B+,"453,333 ₫","197,166 ₫","17,000 ₫",04/01/2023 14:15,08/01/2023,Đã phát
20401231,30,"V50052300009000 E3102VD0
Túi Tiểu Cầu [40ml]",B+,"453,333 ₫","197,166 ₫","17,000 ₫",04/01/2023 14:15,08/01/2023,Đã phát
20401231,31,"V50052300002200 E3102VA0
Túi Tiểu Cầu [40ml]",A+,"453,333 ₫","197,166 ₫","17,000 ₫",04/01/2023 14:15,06/01/2023,Đã phát
20401231,32,"V50052300002200 E3102VB0
Túi Tiểu Cầu [40ml]",A+,"453,333 ₫","197,166 ₫","17,000 ₫",04/01/2023 14:15,06/01/2023,Đã phát
20401231,33,"V50052300007800 E9727VC0
Túi Tiểu Cầu [40ml]",A+,"453,333 ₫","197,166 ₫","17,000 ₫",04/01/2023 14:15,08/01/2023,Đã phát
20401231,34,"V50052300002400 E3102VAA
Túi Tiểu Cầu [40ml]",A+,"453,333 ₫","197,166 ₫","17,000 ₫",04/01/2023 14:15,06/01/2023,Đã huỷ túi
20401231,35,"V50052300002400 E3102VAB
Túi Tiểu Cầu [40ml]",A+,"453,333 ₫","197,166 ₫","17,000 ₫",04/01/2023 14:15,06/01/2023,Đã phát
20401231,36,"V50052300002400 E3102VAC
Túi Tiểu Cầu [40ml]",A+,"453,333 ₫","197,166 ₫","17,000 ₫",04/01/2023 14:15,06/01/2023,Đã phát
20401231,37,"V50052261052900 E0240V00
Khối hồng cầu từ 200 ml máu toàn phần",A+,"525,000 ₫",0 ₫,"17,000 ₫",04/01/2023 14:15,27/01/2023,Đã phát
20401231,38,"V50052230860800 E8313V00
Huyết tương tươi đông lạnh 200 ml",B+,"285,000 ₫",0 ₫,"17,000 ₫",04/01/2023 14:15,14/11/2024,Đã phát
20401231,39,"V50052210925300 E8313V00
Huyết tương tươi đông lạnh 200 ml",B+,"285,000 ₫",0 ₫,"17,000 ₫",04/01/2023 14:15,26/11/2024,Đã phát
20401231,40,"V50052240873700 E8313V00
Huyết tương tươi đông lạnh 200 ml",B+,"285,000 ₫",0 ₫,"17,000 ₫",04/01/2023 14:15,26/11/2024,Đã phát
First Column,,Tenmau,NM,Gia,Phidieuche,Phivanchuyen,Gionhap,Handung,Trangthai
1136,1,"V50052300009000 E3102VC0
Túi Tiểu Cầu [40ml]",B+,"453,333 ₫","197,166 ₫",0 ₫,03/01/2023 22:06,08/01/2023,Đã phát
1136,2,"V50052300006000 E3103VA0
Túi Tiểu Cầu [40ml]",B+,"453,333 ₫","197,166 ₫",0 ₫,03/01/2023 22:06,08/01/2023,Đã phát
1136,3,"V50052300006000 E3103VB0
Túi Tiểu Cầu [40ml]",B+,"453,333 ₫","197,166 ₫",0 ₫,03/01/2023 22:06,08/01/2023,Đã phát
1136,4,"V50052300006000 E3103VC0
Túi Tiểu Cầu [40ml]",B+,"453,333 ₫","197,166 ₫",0 ₫,03/01/2023 22:06,08/01/2023,Đã phát
1136,5,"V50052300006000 E3103VD0
Túi Tiểu Cầu [40ml]",B+,"453,333 ₫","197,166 ₫",0 ₫,03/01/2023 22:13,08/01/2023,Đã phát
1136,6,"V50052300007400 E9727V00
Túi Tiểu Cầu [250ml]",B+,"2,720,000 ₫","1,151,000 ₫",0 ₫,03/01/2023 22:13,08/01/2023,Đã phát
1136,7,"V50052300006000 E3103VE0
Túi Tiểu Cầu [40ml]",B+,"453,333 ₫","197,166 ₫",0 ₫,03/01/2023 22:13,08/01/2023,Đã phát
1136,8,"V50052300006000 E3103VF0
Túi Tiểu Cầu [40ml]",B+,"453,333 ₫","197,166 ₫",0 ₫,03/01/2023 22:13,08/01/2023,Đã phát
1136,9,"V50052300004000 E3103VDA
Túi Tiểu Cầu [40ml]",B+,"453,333 ₫","197,166 ₫",0 ₫,03/01/2023 22:13,06/01/2023,Đã phát
1136,10,"V50052300003400 E3102VA0
Túi Tiểu Cầu [40ml]",B+,"453,333 ₫","197,166 ₫",0 ₫,03/01/2023 22:13,06/01/2023,Đã phát
1136,11,"V50052300000100 E3103VA0
Túi Tiểu Cầu [40ml]",O+,"453,333 ₫","197,166 ₫",0 ₫,03/01/2023 22:20,06/01/2023,Đã phát
1136,12,"V50052300006500 E3102VBC
Túi Tiểu Cầu [40ml]",O+,"453,333 ₫","197,166 ₫",0 ₫,03/01/2023 22:20,08/01/2023,Đã phát
1136,13,"V50052250996300 E0229V00
Khối hồng cầu từ 250 ml máu toàn phần",B+,"871,000 ₫",0 ₫,0 ₫,03/01/2023 22:21,25/01/2023,Đã phát
1136,14,"V50052300007000 E3103VB0
Túi Tiểu Cầu [40ml]",O+,"453,333 ₫","197,166 ₫",0 ₫,03/01/2023 22:20,08/01/2023,Đã phát
1136,15,"V50052300007000 E3103VC0
Túi Tiểu Cầu [40ml]",O+,"453,333 ₫","197,166 ₫",0 ₫,03/01/2023 22:20,08/01/2023,Đã phát
1136,16,"V50052300007000 E3103VD0
Túi Tiểu Cầu [40ml]",O+,"453,333 ₫","197,166 ₫",0 ₫,03/01/2023 22:20,08/01/2023,Đã phát
1136,17,"V50052231142400 E0229V00
Khối hồng cầu từ 250 ml máu toàn phần",B+,"871,000 ₫",0 ₫,0 ₫,03/01/2023 22:21,25/01/2023,Đã phát
1136,18,"V50052261037000 E0229V00
Khối hồng cầu từ 250 ml máu toàn phần",B+,"871,000 ₫",0 ₫,0 ₫,03/01/2023 22:21,24/01/2023,Đã phát
1136,19,"V50052300007000 E3103VE0
Túi Tiểu Cầu [40ml]",O+,"453,333 ₫","197,166 ₫",0 ₫,03/01/2023 22:20,08/01/2023,Đã phát
1136,20,"V50052231140300 E0229V00
Khối hồng cầu từ 250 ml máu toàn phần",B+,"871,000 ₫",0 ₫,0 ₫,03/01/2023 22:21,25/01/2023,Đã phát
1136,21,"V50052300007000 E3103VF0
Túi Tiểu Cầu [40ml]",O+,"453,333 ₫","197,166 ₫",0 ₫,03/01/2023 22:20,08/01/2023,Đã phát
1136,22,"V50052300006500 E3103VA0
Túi Tiểu Cầu [40ml]",O+,"453,333 ₫","197,166 ₫",0 ₫,03/01/2023 22:20,08/01/2023,Đã phát
1136,23,"V50052300006500 E3103VB0
Túi Tiểu Cầu [40ml]",O+,"453,333 ₫","197,166 ₫",0 ₫,03/01/2023 22:20,08/01/2023,Đã phát
1136,24,"V50052231135600 E0229V00
Khối hồng cầu từ 250 ml máu toàn phần",B+,"871,000 ₫",0 ₫,0 ₫,03/01/2023 22:21,24/01/2023,Đã phát
1136,25,"V50052231139800 E0229V00
Khối hồng cầu từ 250 ml máu toàn phần",B+,"871,000 ₫",0 ₫,0 ₫,03/01/2023 22:21,25/01/2023,Đã phát
1136,26,"V50052300006500 E3103VC0
Túi Tiểu Cầu [40ml]",O+,"453,333 ₫","197,166 ₫",0 ₫,03/01/2023 22:20,08/01/2023,Đã phát
1136,27,"V50052300006500 E3103VD0
Túi Tiểu Cầu [40ml]",O+,"453,333 ₫","197,166 ₫",0 ₫,03/01/2023 22:20,08/01/2023,Đã phát
1136,28,"V50052211111000 E0229V00
Khối hồng cầu từ 250 ml máu toàn phần",B+,"871,000 ₫",0 ₫,0 ₫,03/01/2023 22:21,25/01/2023,Đã phát
1136,29,"V50052300006500 E3103VE0
Túi Tiểu Cầu [40ml]",O+,"453,333 ₫","197,166 ₫",0 ₫,03/01/2023 22:20,08/01/2023,Đã phát
1136,30,"V50052261040700 E0229V00
Khối hồng cầu từ 250 ml máu toàn phần",B+,"871,000 ₫",0 ₫,0 ₫,03/01/2023 22:21,24/01/2023,Đã phát
1136,31,"V50052300006500 E3103VF0
Túi Tiểu Cầu [40ml]",O+,"453,333 ₫","197,166 ₫",0 ₫,03/01/2023 22:20,08/01/2023,Đã phát
1136,32,"V50052261048200 E0229V00
Khối hồng cầu từ 250 ml máu toàn phần",B+,"871,000 ₫",0 ₫,0 ₫,03/01/2023 22:21,24/01/2023,Đã phát
1136,33,"V50052300001900 E3103VA0
Túi Tiểu Cầu [40ml]",O+,"453,333 ₫","197,166 ₫",0 ₫,03/01/2023 22:20,06/01/2023,Đã phát
1136,34,"V50052221152300 E0229V00
Khối hồng cầu từ 250 ml máu toàn phần",B+,"871,000 ₫",0 ₫,0 ₫,03/01/2023 22:21,24/01/2023,Đã phát
1136,35,"V50052221148400 E0229V00
Khối hồng cầu từ 250 ml máu toàn phần",B+,"871,000 ₫",0 ₫,0 ₫,03/01/2023 22:21,24/01/2023,Đã phát
1136,36,"V50052217170200 E8288V00
Khối hồng cầu từ 250 ml máu toàn phần",B+,"871,000 ₫",0 ₫,0 ₫,03/01/2023 22:21,04/02/2023,Đã phát
1136,37,"V50052217177100 E8288V00
Khối hồng cầu từ 250 ml máu toàn phần",B+,"871,000 ₫",0 ₫,0 ₫,03/01/2023 22:21,04/02/2023,Đã phát
1136,38,"V50052261041100 E0229V00
Khối hồng cầu từ 250 ml máu toàn phần",B+,"871,000 ₫",0 ₫,0 ₫,03/01/2023 22:21,24/01/2023,Đã phát
1136,39,"V50052261039300 E0229V00
Khối hồng cầu từ 250 ml máu toàn phần",B+,"871,000 ₫",0 ₫,0 ₫,03/01/2023 22:21,24/01/2023,Đã phát
1136,40,"V50052300007000 E3103VA0
Túi Tiểu Cầu [40ml]",O+,"453,333 ₫","197,166 ₫",0 ₫,04/01/2023 10:27,08/01/2023,Đã phát
First Column,,Tenmau,NM,Gia,Phidieuche,Phivanchuyen,Gionhap,Handung,Trangthai
0201231GHND2,1,"V50052200815300 E2940VD0
Túi Tiểu Cầu [40ml]",A+,"453,333 ₫","197,166 ₫","17,000 ₫",02/01/2023 14:29,04/01/2023,Đã phát
0201231GHND2,2,"V50052200815300 E2940VE0
Túi Tiểu Cầu [40ml]",A+,"453,333 ₫","197,166 ₫","17,000 ₫",02/01/2023 14:29,04/01/2023,Đã phát
0201231GHND2,3,"V50052200815300 E2940VF0
Túi Tiểu Cầu [40ml]",A+,"453,333 ₫","197,166 ₫","17,000 ₫",02/01/2023 14:29,04/01/2023,Đã phát
0201231GHND2,4,"V50052200815300 E2940VC0
Túi Tiểu Cầu [40ml]",A+,"453,333 ₫","197,166 ₫","17,000 ₫",02/01/2023 14:29,04/01/2023,Đã phát
0201231GHND2,5,"V50052200815300 E2940VB0
Túi Tiểu Cầu [40ml]",A+,"453,333 ₫","197,166 ₫","17,000 ₫",02/01/2023 14:29,04/01/2023,Đã phát
0201231GHND2,6,"V50052200815300 E2940VA0
Túi Tiểu Cầu [40ml]",A+,"453,333 ₫","197,166 ₫","17,000 ₫",02/01/2023 14:29,04/01/2023,Đã phát
0201231GHND2,7,"V50052300000100 E3103VB0
Túi Tiểu Cầu [40ml]",O+,"453,333 ₫","197,166 ₫","17,000 ₫",02/01/2023 14:29,06/01/2023,Đã phát
0201231GHND2,8,"V50052300000100 E3103VC0
Túi Tiểu Cầu [40ml]",O+,"453,333 ₫","197,166 ₫","17,000 ₫",02/01/2023 14:29,06/01/2023,Đã phát
0201231GHND2,9,"V50052300000100 E3103VD0
Túi Tiểu Cầu [40ml]",O+,"453,333 ₫","197,166 ₫","17,000 ₫",02/01/2023 14:29,06/01/2023,Đã phát
0201231GHND2,10,"V50052300000100 E3103VE0
Túi Tiểu Cầu [40ml]",O+,"453,333 ₫","197,166 ₫","17,000 ₫",02/01/2023 14:29,06/01/2023,Đã phát
0201231GHND2,11,"V50052300000100 E3103VF0
Túi Tiểu Cầu [40ml]",O+,"453,333 ₫","197,166 ₫","17,000 ₫",02/01/2023 14:29,06/01/2023,Đã phát
0201231GHND2,12,"V50052300001900 E3102VD0
Túi Tiểu Cầu [40ml]",O+,"453,333 ₫","197,166 ₫","17,000 ₫",02/01/2023 14:29,06/01/2023,Đã phát
0201231GHND2,13,"V50052300001900 E3102VF0
Túi Tiểu Cầu [40ml]",O+,"453,333 ₫","197,166 ₫","17,000 ₫",02/01/2023 14:29,06/01/2023,Đã phát
0201231GHND2,14,"V50052300001900 E3102VE0
Túi Tiểu Cầu [40ml]",O+,"453,333 ₫","197,166 ₫","17,000 ₫",02/01/2023 14:29,06/01/2023,Đã phát
0201231GHND2,15,"V50052300001900 E3102VC0
Túi Tiểu Cầu [40ml]",O+,"453,333 ₫","197,166 ₫","17,000 ₫",02/01/2023 14:29,06/01/2023,Đã phát
0201231GHND2,16,"V50052300001900 E3102VB0
Túi Tiểu Cầu [40ml]",O+,"453,333 ₫","197,166 ₫","17,000 ₫",02/01/2023 14:29,06/01/2023,Đã phát
0201231GHND2,17,"V50052300001900 E3102VA0
Túi Tiểu Cầu [40ml]",O+,"453,333 ₫","197,166 ₫","17,000 ₫",02/01/2023 14:29,06/01/2023,Đã phát
0201231GHND2,18,"V50052200812400 E3102VA0
Túi Tiểu Cầu [40ml]",O+,"453,333 ₫","197,166 ₫","17,000 ₫",02/01/2023 14:29,04/01/2023,Đã phát
0201231GHND2,19,"V50052200813900 E3103V00
Túi Tiểu Cầu [250ml]",B+,"2,720,000 ₫","1,151,000 ₫","17,000 ₫",02/01/2023 14:29,04/01/2023,Đã phát
0201231GHND2,20,"V50052200812000 E3102V00
Túi Tiểu Cầu [250ml]",O+,"2,720,000 ₫","1,151,000 ₫","17,000 ₫",02/01/2023 14:29,04/01/2023,Đã phát
0201231GHND2,21,"V50052300003400 E3103VD0
Túi Tiểu Cầu [40ml]",B+,"453,333 ₫","197,166 ₫","17,000 ₫",02/01/2023 14:29,06/01/2023,Đã phát
0201231GHND2,22,"V50052300003400 E3102VD0
Túi Tiểu Cầu [40ml]",B+,"453,333 ₫","197,166 ₫","17,000 ₫",02/01/2023 14:29,06/01/2023,Đã phát
0201231GHND2,23,"V50052300003400 E3102VE0
Túi Tiểu Cầu [40ml]",B+,"453,333 ₫","197,166 ₫","17,000 ₫",02/01/2023 14:29,06/01/2023,Đã phát
0201231GHND2,24,"V50052300003400 E3102VF0
Túi Tiểu Cầu [40ml]",B+,"453,333 ₫","197,166 ₫","17,000 ₫",02/01/2023 14:29,06/01/2023,Đã phát
0201231GHND2,25,"V50052300003400 E3102VC0
Túi Tiểu Cầu [40ml]",B+,"453,333 ₫","197,166 ₫","17,000 ₫",02/01/2023 14:29,06/01/2023,Đã phát
0201231GHND2,26,"V50052200814400 E3103VDB
Túi Tiểu Cầu [40ml]",B+,"453,333 ₫","197,166 ₫","17,000 ₫",02/01/2023 14:29,04/01/2023,Đã phát
0201231GHND2,27,"V50052200814400 E3103VDA
Túi Tiểu Cầu [40ml]",B+,"453,333 ₫","197,166 ₫","17,000 ₫",02/01/2023 14:29,04/01/2023,Đã phát
0201231GHND2,28,"V50052300003400 E3103VE0
Túi Tiểu Cầu [40ml]",B+,"453,333 ₫","197,166 ₫","17,000 ₫",02/01/2023 14:29,06/01/2023,Đã phát
0201231GHND2,29,"V50052300003400 E3103VF0
Túi Tiểu Cầu [40ml]",B+,"453,333 ₫","197,166 ₫","17,000 ₫",02/01/2023 14:29,06/01/2023,Đã phát
0201231GHND2,30,"V50052300003400 E3103VC0
Túi Tiểu Cầu [40ml]",B+,"453,333 ₫","197,166 ₫","17,000 ₫",02/01/2023 14:29,06/01/2023,Đã phát
0201231GHND2,31,"V50052300003400 E3103VB0
Túi Tiểu Cầu [40ml]",B+,"453,333 ₫","197,166 ₫","17,000 ₫",02/01/2023 14:29,06/01/2023,Đã phát
0201231GHND2,32,"V50052300003400 E3103VA0
Túi Tiểu Cầu [40ml]",B+,"453,333 ₫","197,166 ₫","17,000 ₫",02/01/2023 14:29,06/01/2023,Đã phát
0201231GHND2,33,"V50052291013200 E7425VA0
Khối hồng cầu từ 250 ml máu toàn phần",O+,"871,000 ₫",0 ₫,"17,000 ₫",02/01/2023 14:29,02/02/2023,Đã phát
0201231GHND2,34,"V50052241086000 E7425VA0
Khối hồng cầu từ 250 ml máu toàn phần",O+,"871,000 ₫",0 ₫,"17,000 ₫",02/01/2023 14:29,02/02/2023,Đã phát
0201231GHND2,35,"V50052217098500 E7425VA0
Khối hồng cầu từ 250 ml máu toàn phần",O+,"871,000 ₫",0 ₫,"17,000 ₫",02/01/2023 14:29,02/02/2023,Đã phát
0201231GHND2,36,"V50052251007400 E7425VA0
Khối hồng cầu từ 250 ml máu toàn phần",O+,"871,000 ₫",0 ₫,"17,000 ₫",02/01/2023 14:29,02/02/2023,Đã phát
0201231GHND2,37,"V50052241096200 E7425VA0
Khối hồng cầu từ 250 ml máu toàn phần",O+,"871,000 ₫",0 ₫,"17,000 ₫",02/01/2023 14:29,02/02/2023,Đã phát
0201231GHND2,38,"V50052241093300 E7425VA0
Khối hồng cầu từ 250 ml máu toàn phần",O+,"871,000 ₫",0 ₫,"17,000 ₫",02/01/2023 14:29,02/02/2023,Đã phát
0201231GHND2,39,"V50052281519200 E7425VA0
Khối hồng cầu từ 250 ml máu toàn phần",O+,"871,000 ₫",0 ₫,"17,000 ₫",02/01/2023 14:29,02/02/2023,Đã phát
0201231GHND2,40,"V50052291012500 E7425VA0
Khối hồng cầu từ 250 ml máu toàn phần",O+,"871,000 ₫",0 ₫,"17,000 ₫",02/01/2023 14:29,02/02/2023,Đã phát
First Column,,Tenmau,NM,Gia,Phidieuche,Phivanchuyen,Gionhap,Handung,Trangthai
0011109,1,"V50052241106800 E0229V00
Khối hồng cầu từ 250 ml máu toàn phần",AB+,"871,000 ₫",0 ₫,0 ₫,02/01/2023 20:28,25/01/2023,Đã phát
0011109,2,"V50052241104900 E0229V00
Khối hồng cầu từ 250 ml máu toàn phần",AB+,"871,000 ₫",0 ₫,0 ₫,02/01/2023 20:28,25/01/2023,Đã phát
0011109,3,"V50052217088600 E0229V00
Khối hồng cầu từ 250 ml máu toàn phần",AB+,"871,000 ₫",0 ₫,0 ₫,02/01/2023 20:28,25/01/2023,Đã phát
0011109,4,"V50052251002000 E0229V00
Khối hồng cầu từ 250 ml máu toàn phần",AB+,"871,000 ₫",0 ₫,0 ₫,02/01/2023 20:28,25/01/2023,Đã phát
0011109,5,"V50052241106900 E0229V00
Khối hồng cầu từ 250 ml máu toàn phần",AB+,"871,000 ₫",0 ₫,0 ₫,02/01/2023 20:28,25/01/2023,Đã phát
0011109,6,"V50052300001800 E3103VD0
Túi Tiểu Cầu [40ml]",O+,"453,333 ₫","197,166 ₫",0 ₫,02/01/2023 20:28,06/01/2023,Đã phát
0011109,7,"V50052300001800 E3103VE0
Túi Tiểu Cầu [40ml]",O+,"453,333 ₫","197,166 ₫",0 ₫,02/01/2023 20:28,06/01/2023,Đã phát
0011109,8,"V50052300001800 E3103VC0
Túi Tiểu Cầu [40ml]",O+,"453,333 ₫","197,166 ₫",0 ₫,02/01/2023 20:28,06/01/2023,Đã phát
0011109,9,"V50052300001800 E3103VB0
Túi Tiểu Cầu [40ml]",O+,"453,333 ₫","197,166 ₫",0 ₫,02/01/2023 20:28,06/01/2023,Đã phát
0011109,10,"V50052300001800 E3103VF0
Túi Tiểu Cầu [40ml]",O+,"453,333 ₫","197,166 ₫",0 ₫,02/01/2023 20:28,06/01/2023,Đã phát
0011109,11,"V50052300001800 E3103VA0
Túi Tiểu Cầu [40ml]",O+,"453,333 ₫","197,166 ₫",0 ₫,02/01/2023 20:28,06/01/2023,Đã phát
0011109,12,"V50052300002200 E3102VE0
Túi Tiểu Cầu [40ml]",A+,"453,333 ₫","197,166 ₫",0 ₫,02/01/2023 20:28,06/01/2023,Đã phát
0011109,13,"V50052300002200 E3102VD0
Túi Tiểu Cầu [40ml]",A+,"453,333 ₫","197,166 ₫",0 ₫,02/01/2023 20:28,06/01/2023,Đã đăng ký
0011109,14,"V50052300004000 E3103VB0
Túi Tiểu Cầu [40ml]",B+,"453,333 ₫","197,166 ₫",0 ₫,02/01/2023 20:28,06/01/2023,Đã phát
0011109,15,"V50052300002200 E3102VC0
Túi Tiểu Cầu [40ml]",A+,"453,333 ₫","197,166 ₫",0 ₫,02/01/2023 20:28,06/01/2023,Đã phát
0011109,16,"V50052300004000 E3103VA0
Túi Tiểu Cầu [40ml]",B+,"453,333 ₫","197,166 ₫",0 ₫,02/01/2023 20:28,06/01/2023,Đã phát
0011109,17,"V50052300004000 E3103VC0
Túi Tiểu Cầu [40ml]",B+,"453,333 ₫","197,166 ₫",0 ₫,02/01/2023 20:28,06/01/2023,Đã phát
0011109,18,"V50052300002900 E2940VF0
Túi Tiểu Cầu [40ml]",A+,"453,333 ₫","197,166 ₫",0 ₫,02/01/2023 20:28,06/01/2023,Đã phát
0011109,19,"V50052300002900 E2940VD0
Túi Tiểu Cầu [40ml]",A+,"453,333 ₫","197,166 ₫",0 ₫,02/01/2023 20:28,06/01/2023,Đã phát
0011109,20,"V50052300002900 E2940VE0
Túi Tiểu Cầu [40ml]",A+,"453,333 ₫","197,166 ₫",0 ₫,02/01/2023 20:28,06/01/2023,Đã phát
0011109,21,"V50052300002900 E2940VC0
Túi Tiểu Cầu [40ml]",A+,"453,333 ₫","197,166 ₫",0 ₫,02/01/2023 20:28,06/01/2023,Đã phát
0011109,22,"V50052300002200 E3103VA0
Túi Tiểu Cầu [40ml]",A+,"453,333 ₫","197,166 ₫",0 ₫,02/01/2023 20:28,06/01/2023,Đã phát
0011109,23,"V50052300002200 E3103VB0
Túi Tiểu Cầu [40ml]",A+,"453,333 ₫","197,166 ₫",0 ₫,02/01/2023 20:28,06/01/2023,Đã phát
0011109,24,"V50052300002200 E3103VC0
Túi Tiểu Cầu [40ml]",A+,"453,333 ₫","197,166 ₫",0 ₫,02/01/2023 20:28,06/01/2023,Đã đăng ký
0011109,25,"V50052200812200 E3102VBA
Túi Tiểu Cầu [40ml]",A+,"453,333 ₫","197,166 ₫",0 ₫,02/01/2023 20:28,04/01/2023,Đã phát
0011109,26,"V50052200812200 E3102VBB
Túi Tiểu Cầu [40ml]",A+,"453,333 ₫","197,166 ₫",0 ₫,02/01/2023 20:28,04/01/2023,Đã phát
0011109,27,"V50052300002900 E2940VA0
Túi Tiểu Cầu [40ml]",A+,"453,333 ₫","197,166 ₫",0 ₫,02/01/2023 20:28,06/01/2023,Đã phát
0011109,28,"V50052300002900 E2940VB0
Túi Tiểu Cầu [40ml]",A+,"453,333 ₫","197,166 ₫",0 ₫,02/01/2023 20:28,06/01/2023,Đã phát
0011109,29,"V50052300002200 E3103VE0
Túi Tiểu Cầu [40ml]",A+,"453,333 ₫","197,166 ₫",0 ₫,02/01/2023 20:28,06/01/2023,Đã phát
0011109,30,"V50052300002200 E3102VF0
Túi Tiểu Cầu [40ml]",A+,"453,333 ₫","197,166 ₫",0 ₫,02/01/2023 20:28,06/01/2023,Đã phát
0011109,31,"V50052300002200 E3103VF0
Túi Tiểu Cầu [40ml]",A+,"453,333 ₫","197,166 ₫",0 ₫,02/01/2023 20:28,06/01/2023,Đã phát
0011109,32,"V50052300002200 E3103VD0
Túi Tiểu Cầu [40ml]",A+,"453,333 ₫","197,166 ₫",0 ₫,02/01/2023 20:28,06/01/2023,Đã đăng ký
First Column,,Tenmau,NM,Gia,Phidieuche,Phivanchuyen,Gionhap,Handung,Trangthai
0011048,1,"V50052200811500 E3103VB0
Túi Tiểu Cầu [40ml]",B+,"453,333 ₫","197,166 ₫",0 ₫,01/01/2023 10:47,04/01/2023,Đã phát
0011048,2,"V50052200811500 E3103VA0
Túi Tiểu Cầu [40ml]",B+,"453,333 ₫","197,166 ₫",0 ₫,01/01/2023 10:47,04/01/2023,Đã phát
0011048,3,"V50052200814800 E2940VD0
Túi Tiểu Cầu [40ml]",B+,"453,333 ₫","197,166 ₫",0 ₫,01/01/2023 10:47,04/01/2023,Đã phát
0011048,4,"V50052200814800 E2940VA0
Túi Tiểu Cầu [40ml]",B+,"453,333 ₫","197,166 ₫",0 ₫,01/01/2023 10:47,04/01/2023,Đã phát
0011048,5,"V50052200814800 E2940VF0
Túi Tiểu Cầu [40ml]",B+,"453,333 ₫","197,166 ₫",0 ₫,01/01/2023 10:47,04/01/2023,Đã phát
0011048,6,"V50052200811500 E3103VC0
Túi Tiểu Cầu [40ml]",B+,"453,333 ₫","197,166 ₫",0 ₫,01/01/2023 10:47,04/01/2023,Đã phát
0011048,7,"V50052200811500 E3103VD0
Túi Tiểu Cầu [40ml]",B+,"453,333 ₫","197,166 ₫",0 ₫,01/01/2023 10:47,04/01/2023,Đã phát
0011048,8,"V50052200811500 E3103VF0
Túi Tiểu Cầu [40ml]",B+,"453,333 ₫","197,166 ₫",0 ₫,01/01/2023 10:47,04/01/2023,Đã phát
0011048,9,"V50052200811500 E3103VE0
Túi Tiểu Cầu [40ml]",B+,"453,333 ₫","197,166 ₫",0 ₫,01/01/2023 10:47,04/01/2023,Đã phát
0011048,10,"V50052200814800 E2940VB0
Túi Tiểu Cầu [40ml]",B+,"453,333 ₫","197,166 ₫",0 ₫,01/01/2023 10:47,04/01/2023,Đã phát
0011048,11,"V50052200814800 E2940VC0
Túi Tiểu Cầu [40ml]",B+,"453,333 ₫","197,166 ₫",0 ₫,01/01/2023 10:47,04/01/2023,Đã phát
0011048,12,"V50052200814800 E2940VE0
Túi Tiểu Cầu [40ml]",B+,"453,333 ₫","197,166 ₫",0 ₫,01/01/2023 10:47,04/01/2023,Đã phát
0011048,13,"V50052200813500 E3102VC0
Túi Tiểu Cầu [40ml]",A+,"453,333 ₫","197,166 ₫",0 ₫,01/01/2023 10:47,04/01/2023,Đã phát
0011048,14,"V50052200813500 E3102VE0
Túi Tiểu Cầu [40ml]",A+,"453,333 ₫","197,166 ₫",0 ₫,01/01/2023 10:47,04/01/2023,Đã phát
0011048,15,"V50052200813500 E3102VA0
Túi Tiểu Cầu [40ml]",A+,"453,333 ₫","197,166 ₫",0 ₫,01/01/2023 10:47,04/01/2023,Đã phát
0011048,16,"V50052200813500 E3102VB0
Túi Tiểu Cầu [40ml]",A+,"453,333 ₫","197,166 ₫",0 ₫,01/01/2023 10:47,04/01/2023,Đã phát
0011048,17,"V50052200813500 E3102VF0
Túi Tiểu Cầu [40ml]",A+,"453,333 ₫","197,166 ₫",0 ₫,01/01/2023 10:47,04/01/2023,Đã phát
0011048,18,"V50052200813500 E3102VD0
Túi Tiểu Cầu [40ml]",A+,"453,333 ₫","197,166 ₫",0 ₫,01/01/2023 10:47,04/01/2023,Đã phát
0011048,19,"V50052200810900 E3103VAC
Túi Tiểu Cầu [40ml]",O+,"453,333 ₫","197,166 ₫",0 ₫,01/01/2023 10:47,03/01/2023,Đã phát
0011048,20,"V50052200810900 E3103VAB
Túi Tiểu Cầu [40ml]",O+,"453,333 ₫","197,166 ₫",0 ₫,01/01/2023 10:47,03/01/2023,Đã phát
0011048,21,"V50052200810900 E3103VAA
Túi Tiểu Cầu [40ml]",O+,"453,333 ₫","197,166 ₫",0 ₫,01/01/2023 10:47,03/01/2023,Đã phát
0011048,22,"V50052200812400 E3103VF0
Túi Tiểu Cầu [40ml]",O+,"453,333 ₫","197,166 ₫",0 ₫,01/01/2023 10:47,04/01/2023,Đã phát
0011048,23,"V50052200812400 E3103VA0
Túi Tiểu Cầu [40ml]",O+,"453,333 ₫","197,166 ₫",0 ₫,01/01/2023 10:47,04/01/2023,Đã phát
0011048,24,"V50052200808600 E3102VA0
Túi Tiểu Cầu [40ml]",O+,"453,333 ₫","197,166 ₫",0 ₫,01/01/2023 10:47,03/01/2023,Đã phát
0011048,25,"V50052200808600 E3102VF0
Túi Tiểu Cầu [40ml]",O+,"453,333 ₫","197,166 ₫",0 ₫,01/01/2023 10:47,03/01/2023,Đã phát
0011048,26,"V50052200814000 E3103VA0
Túi Tiểu Cầu [40ml]",O+,"453,333 ₫","197,166 ₫",0 ₫,01/01/2023 10:47,04/01/2023,Đã phát
0011048,27,"V50052200814000 E3103VB0
Túi Tiểu Cầu [40ml]",O+,"453,333 ₫","197,166 ₫",0 ₫,01/01/2023 10:47,04/01/2023,Đã phát
0011048,28,"V50052200812400 E3102VE0
Túi Tiểu Cầu [40ml]",O+,"453,333 ₫","197,166 ₫",0 ₫,01/01/2023 10:47,04/01/2023,Đã phát
0011048,29,"V50052200812400 E3102VB0
Túi Tiểu Cầu [40ml]",O+,"453,333 ₫","197,166 ₫",0 ₫,01/01/2023 10:47,04/01/2023,Đã phát
0011048,30,"V50052200812400 E3102VC0
Túi Tiểu Cầu [40ml]",O+,"453,333 ₫","197,166 ₫",0 ₫,01/01/2023 10:47,04/01/2023,Đã phát
0011048,31,"V50052200812400 E3103VE0
Túi Tiểu Cầu [40ml]",O+,"453,333 ₫","197,166 ₫",0 ₫,01/01/2023 10:47,04/01/2023,Đã phát
0011048,32,"V50052200812400 E3103VB0
Túi Tiểu Cầu [40ml]",O+,"453,333 ₫","197,166 ₫",0 ₫,01/01/2023 10:47,04/01/2023,Đã phát
0011048,33,"V50052200812400 E3103VC0
Túi Tiểu Cầu [40ml]",O+,"453,333 ₫","197,166 ₫",0 ₫,01/01/2023 10:47,04/01/2023,Đã phát
0011048,34,"V50052200812400 E3103VD0
Túi Tiểu Cầu [40ml]",O+,"453,333 ₫","197,166 ₫",0 ₫,01/01/2023 10:47,04/01/2023,Đã phát
0011048,35,"V50052200814000 E3103VC0
Túi Tiểu Cầu [40ml]",O+,"453,333 ₫","197,166 ₫",0 ₫,01/01/2023 10:47,04/01/2023,Đã phát
0011048,36,"V50052200814000 E3103VD0
Túi Tiểu Cầu [40ml]",O+,"453,333 ₫","197,166 ₫",0 ₫,01/01/2023 10:47,04/01/2023,Đã phát
0011048,37,"V50052200812400 E3102VD0
Túi Tiểu Cầu [40ml]",O+,"453,333 ₫","197,166 ₫",0 ₫,01/01/2023 10:47,04/01/2023,Đã phát
0011048,38,"V50052200814000 E3103VE0
Túi Tiểu Cầu [40ml]",O+,"453,333 ₫","197,166 ₫",0 ₫,01/01/2023 10:47,04/01/2023,Đã phát
0011048,39,"V50052200814000 E3103VF0
Túi Tiểu Cầu [40ml]",O+,"453,333 ₫","197,166 ₫",0 ₫,01/01/2023 10:47,04/01/2023,Đã phát
0011048,40,"V50052261039600 E0229V00
Khối hồng cầu từ 250 ml máu toàn phần",O+,"871,000 ₫",0 ₫,0 ₫,01/01/2023 10:47,24/01/2023,Đã phát
First Column,,Tenmau,NM,Gia,Phidieuche,Phivanchuyen,Gionhap,Handung,Trangthai
0011069,1,"V50052200817100 E3102VF0
Túi Tiểu Cầu [40ml]",O+,"453,333 ₫","197,166 ₫",0 ₫,01/01/2023 22:02,04/01/2023,Đã phát
0011069,2,"V50052200817100 E3102VA0
Túi Tiểu Cầu [40ml]",O+,"453,333 ₫","197,166 ₫",0 ₫,01/01/2023 22:02,04/01/2023,Đã phát
0011069,3,"V50052200817100 E3102VE0
Túi Tiểu Cầu [40ml]",O+,"453,333 ₫","197,166 ₫",0 ₫,01/01/2023 22:02,04/01/2023,Đã phát
0011069,4,"V50052200817100 E3102VB0
Túi Tiểu Cầu [40ml]",O+,"453,333 ₫","197,166 ₫",0 ₫,01/01/2023 22:02,04/01/2023,Đã phát
0011069,5,"V50052200817100 E3102VC0
Túi Tiểu Cầu [40ml]",O+,"453,333 ₫","197,166 ₫",0 ₫,01/01/2023 22:02,04/01/2023,Đã phát
0011069,6,"V50052200817100 E3102VD0
Túi Tiểu Cầu [40ml]",O+,"453,333 ₫","197,166 ₫",0 ₫,01/01/2023 22:02,04/01/2023,Đã phát
0011069,7,"V50052200816500 E3102VC0
Túi Tiểu Cầu [40ml]",O+,"453,333 ₫","197,166 ₫",0 ₫,01/01/2023 22:02,04/01/2023,Đã phát
0011069,8,"V50052200816500 E3102VD0
Túi Tiểu Cầu [40ml]",O+,"453,333 ₫","197,166 ₫",0 ₫,01/01/2023 22:02,04/01/2023,Đã phát
0011069,9,"V50052200816500 E3102VB0
Túi Tiểu Cầu [40ml]",O+,"453,333 ₫","197,166 ₫",0 ₫,01/01/2023 22:02,04/01/2023,Đã phát
0011069,10,"V50052200816500 E3102VA0
Túi Tiểu Cầu [40ml]",O+,"453,333 ₫","197,166 ₫",0 ₫,01/01/2023 22:02,04/01/2023,Đã phát
0011069,11,"V50052200816500 E3102VE0
Túi Tiểu Cầu [40ml]",O+,"453,333 ₫","197,166 ₫",0 ₫,01/01/2023 22:02,04/01/2023,Đã phát
0011069,12,"V50052200816500 E3102VF0
Túi Tiểu Cầu [40ml]",O+,"453,333 ₫","197,166 ₫",0 ₫,01/01/2023 22:02,04/01/2023,Đã phát
0011069,13,"V50052200813700 E3103VF0
Túi Tiểu Cầu [40ml]",B+,"453,333 ₫","197,166 ₫",0 ₫,01/01/2023 22:02,04/01/2023,Đã phát
0011069,14,"V50052200813700 E3103VC0
Túi Tiểu Cầu [40ml]",B+,"453,333 ₫","197,166 ₫",0 ₫,01/01/2023 22:02,04/01/2023,Đã phát
0011069,15,"V50052200813700 E3103VE0
Túi Tiểu Cầu [40ml]",B+,"453,333 ₫","197,166 ₫",0 ₫,01/01/2023 22:02,04/01/2023,Đã phát
0011069,16,"052200813700 E3103VD0
Túi Tiểu Cầu [40ml]",B+,"453,333 ₫","197,166 ₫",0 ₫,01/01/2023 22:02,04/01/2023,Đã huỷ túi
0011069,17,"V50052200813700 E3103VB0
Túi Tiểu Cầu [40ml]",B+,"453,333 ₫","197,166 ₫",0 ₫,01/01/2023 22:02,04/01/2023,Đã phát
0011069,18,"V50052200813700 E3103VA0
Túi Tiểu Cầu [40ml]",B+,"453,333 ₫","197,166 ₫",0 ₫,01/01/2023 22:02,04/01/2023,Đã phát
0011069,19,"V50052220998200 E0719V00
Huyết tương tươi đông lạnh 150 ml",B+,"181,000 ₫",0 ₫,0 ₫,01/01/2023 22:02,07/12/2024,Đã phát
0011069,20,"V50052220997000 E0719V00
Huyết tương tươi đông lạnh 150 ml",B+,"181,000 ₫",0 ₫,0 ₫,01/01/2023 22:02,07/12/2024,Đã phát
0011069,21,"V50052231064000 E0719V00
Huyết tương tươi đông lạnh 150 ml",B+,"181,000 ₫",0 ₫,0 ₫,01/01/2023 22:02,13/12/2024,Đã phát
0011069,22,"V50052211003900 E0719V00
Huyết tương tươi đông lạnh 150 ml",B+,"181,000 ₫",0 ₫,0 ₫,01/01/2023 22:02,07/12/2024,Đã phát
0011069,23,"V50052261004900 E0719V00
Huyết tương tươi đông lạnh 150 ml",B+,"181,000 ₫",0 ₫,0 ₫,01/01/2023 22:02,14/12/2024,Đã phát
0011069,24,"V50052221021400 E0719V00
Huyết tương tươi đông lạnh 150 ml",B+,"181,000 ₫",0 ₫,0 ₫,01/01/2023 22:02,10/12/2024,Đã phát
0011069,25,"V50052210988100 E0719V00
Huyết tương tươi đông lạnh 150 ml",B+,"181,000 ₫",0 ₫,0 ₫,01/01/2023 22:02,07/12/2024,Đã phát
0011069,26,"V50052231066400 E0719V00
Huyết tương tươi đông lạnh 150 ml",B+,"181,000 ₫",0 ₫,0 ₫,01/01/2023 22:02,13/12/2024,Đã phát
0011069,27,"V50052221075000 E0719V00
Huyết tương tươi đông lạnh 150 ml",B+,"181,000 ₫",0 ₫,0 ₫,01/01/2023 22:02,14/12/2024,Đã phát
0011069,28,"V50052221024700 E0719V00
Huyết tương tươi đông lạnh 150 ml",B+,"181,000 ₫",0 ₫,0 ₫,01/01/2023 22:02,10/12/2024,Đã phát
0011069,29,"V50052250646500 E8313V00
Huyết tương tươi đông lạnh 200 ml",B+,"285,000 ₫",0 ₫,0 ₫,01/01/2023 22:02,06/11/2024,Đã phát
0011069,30,"V50052251033400 E8313V00
Huyết tương tươi đông lạnh 200 ml",B+,"285,000 ₫",0 ₫,0 ₫,01/01/2023 22:02,23/12/2024,Đã phát
0011069,31,"V50052230797500 E8313V00
Huyết tương tươi đông lạnh 200 ml",B+,"285,000 ₫",0 ₫,0 ₫,01/01/2023 22:02,05/11/2024,Đã phát
0011069,32,"V50052230862300 E8313V00
Huyết tương tươi đông lạnh 200 ml",B+,"285,000 ₫",0 ₫,0 ₫,01/01/2023 22:02,14/11/2024,Đã phát
0011069,33,"V50052250634200 E8313V00
Huyết tương tươi đông lạnh 200 ml",B+,"285,000 ₫",0 ₫,0 ₫,01/01/2023 22:02,05/11/2024,Đã phát
0011069,34,"V50052220739800 E8313V00
Huyết tương tươi đông lạnh 200 ml",B+,"285,000 ₫",0 ₫,0 ₫,01/01/2023 22:02,09/11/2024,Đã phát
0011069,35,"V50052230797200 E8313V00
Huyết tương tươi đông lạnh 200 ml",B+,"285,000 ₫",0 ₫,0 ₫,01/01/2023 22:02,05/11/2024,Đã phát
0011069,36,"V50052210730100 E8313V00
Huyết tương tươi đông lạnh 200 ml",B+,"285,000 ₫",0 ₫,0 ₫,01/01/2023 22:02,05/11/2024,Đã phát
0011069,37,"V50052250632700 E8313V00
Huyết tương tươi đông lạnh 200 ml",B+,"285,000 ₫",0 ₫,0 ₫,01/01/2023 22:02,05/11/2024,Đã phát
0011069,38,"V50052230789500 E8313V00
Huyết tương tươi đông lạnh 200 ml",B+,"285,000 ₫",0 ₫,0 ₫,01/01/2023 22:02,05/11/2024,Đã phát
0011069,39,"V50052230790800 E8313V00
Huyết tương tươi đông lạnh 200 ml",B+,"285,000 ₫",0 ₫,0 ₫,01/01/2023 22:02,05/11/2024,Đã phát
0011069,40,"V50052261064200 E8313V00
Huyết tương tươi đông lạnh 200 ml",B+,"285,000 ₫",0 ₫,0 ₫,01/01/2023 22:02,24/12/2024,Đã phát
